Country,Location,Season Code,Season Start Date,Season End Date,Lodging Rate,Meals & Incidentals,Per Diem,Effective Date,Footnote Reference,Location Code
AFGHANISTAN,[Other],S1,2023-01-01,2023-12-31,0,15,15,2003-08-01,"19,2",11804
AFGHANISTAN,Kabul,S1,2023-01-01,2023-12-31,0,78,78,2019-11-01,"19,2",10323
ALBANIA,[Other],S1,2023-01-01,2023-12-31,67,76,143,2023-05-01,,11908
ALBANIA,Tirana,S1,2023-01-01,2023-12-31,124,87,211,2023-05-01,,10104
ALGERIA,[Other],S1,2023-01-01,2023-12-31,192,112,304,2015-01-01,2,11805
ALGERIA,Algiers,S1,2023-01-01,2023-12-31,203,113,316,2023-03-01,,10324
ANDORRA,Andorra,S1,2023-01-01,2023-12-31,209,123,332,2008-01-01,,11079
ANGOLA,[Other],S1,2023-01-01,2023-12-31,336,199,535,2023-01-01,,11822
ANGOLA,Luanda,S1,2023-01-01,2023-12-31,336,199,535,2023-01-01,,10373
ANGUILLA,The Valley,S1,2023-01-01,2023-12-31,244,130,374,2020-02-01,,91116
ANTARCTICA,Antarctica Region Posts,S1,2023-01-01,2023-12-31,0,1,1,2010-06-01,,19942
ANTIGUA AND BARBUDA,[Other],S1,2023-04-16,2023-12-14,37,18,55,2008-05-01,,11984
ANTIGUA AND BARBUDA,[Other],S2,2023-12-15,2023-04-15,50,19,69,2008-05-01,,11984
ANTIGUA AND BARBUDA,Antigua and Barbuda,S1,2023-01-01,2023-06-01,346,138,484,2023-04-01,,11052
ANTIGUA AND BARBUDA,Antigua and Barbuda,S2,2023-06-02,2023-12-31,216,125,341,2023-04-01,,11052
ARGENTINA,[Other],S1,2023-01-01,2023-12-31,236,120,356,2023-03-01,,11737
ARGENTINA,Bariloche,S1,2023-01-01,2023-12-31,237,132,369,2023-03-01,,12637
ARGENTINA,Buenos Aires,S1,2023-01-01,2023-12-31,266,126,392,2023-03-01,,10016
ARGENTINA,Mendoza,S1,2023-01-01,2023-12-31,220,119,339,2023-03-01,,19952
ARMENIA,[Other],S1,2023-01-01,2023-12-31,143,88,231,2022-12-01,,11756
ARMENIA,Yerevan,S1,2023-01-01,2023-12-31,143,88,231,2022-12-01,,10105
Aruba,[Other],S1,2023-01-15,2023-04-22,310,141,451,2021-05-01,,91181
Aruba,[Other],S2,2023-04-23,2023-01-14,259,136,395,2021-05-01,,91181
Aruba,Oranjestad,S1,2023-01-15,2023-04-22,310,141,451,2019-10-01,,11024
Aruba,Oranjestad,S2,2023-04-23,2023-01-14,259,136,395,2019-10-01,,11024
ASCENSION ISLAND,Ascension Island,S1,2023-01-01,2023-12-31,122,29,151,2016-11-01,,11053
AUSTRALIA,[Other],S1,2023-01-01,2023-12-31,122,95,217,2023-04-01,,11787
AUSTRALIA,Adelaide,S1,2023-01-01,2023-12-31,217,107,324,2023-04-01,,10244
AUSTRALIA,Bendigo,S1,2023-01-01,2023-12-31,247,116,363,2023-04-01,,19983
AUSTRALIA,Brisbane,S1,2023-01-01,2023-12-31,280,126,406,2023-04-01,,10245
AUSTRALIA,Broome,S1,2023-01-01,2023-12-31,277,120,397,2023-04-01,,15035
AUSTRALIA,Cairns,S1,2023-01-01,2023-12-31,122,95,217,2023-04-01,,12583
AUSTRALIA,Canberra,S1,2023-01-01,2023-12-31,190,108,298,2023-04-01,,10243
AUSTRALIA,"Darwin,  Northern Territory",S1,2023-01-01,2023-12-31,191,116,307,2023-04-01,,12342
AUSTRALIA,Exmouth,S1,2023-01-01,2023-12-31,157,107,264,2023-04-01,,15065
AUSTRALIA,Fremantle,S1,2023-01-01,2023-12-31,169,99,268,2023-04-01,,13319
AUSTRALIA,Hobart,S1,2023-01-01,2023-12-31,150,123,273,2023-04-01,,12372
AUSTRALIA,Melbourne,S1,2023-01-01,2023-12-31,248,106,354,2023-04-01,,10246
AUSTRALIA,Perth,S1,2023-01-01,2023-12-31,192,127,319,2023-04-01,,10247
AUSTRALIA,"Richmond, NSW",S1,2023-01-01,2023-12-31,137,99,236,2023-04-01,,13553
AUSTRALIA,Sydney,S1,2023-01-01,2023-12-31,291,115,406,2023-05-01,,10248
AUSTRIA,[Other],S1,2023-01-01,2023-12-31,213,121,334,2023-05-01,,11757
AUSTRIA,Graz,S1,2023-01-01,2023-12-31,247,115,362,2023-05-01,,11985
AUSTRIA,Innsbruck,S1,2023-01-01,2023-12-31,213,121,334,2023-05-01,,11082
AUSTRIA,Linz,S1,2023-01-01,2023-12-31,180,142,322,2023-05-01,,11410
AUSTRIA,Salzburg,S1,2023-01-01,2023-12-31,253,111,364,2023-05-01,,10107
AUSTRIA,Vienna,S1,2023-01-01,2023-12-31,315,141,456,2023-05-01,,10106
AZERBAIJAN,[Other],S1,2023-01-01,2023-12-31,98,81,179,2014-09-01,,11758
AZERBAIJAN,Baku,S1,2023-01-01,2023-12-31,159,115,274,2022-01-01,,10109
AZERBAIJAN,Ganja,S1,2023-01-01,2023-12-31,125,90,215,2014-09-01,,19944
AZERBAIJAN,Qabala,S1,2023-01-01,2023-12-31,128,84,212,2014-09-01,,15045
"Bahamas, The",[Other],S1,2023-01-01,2023-12-31,176,132,308,2017-07-01,10,11891
"Bahamas, The",Andros Island,S1,2023-01-01,2023-12-31,159,107,266,2015-08-01,10,11000
"Bahamas, The",Eleuthera Island,S1,2023-04-17,2023-11-14,213,143,356,2015-09-01,10,11001
"Bahamas, The",Eleuthera Island,S2,2023-11-15,2023-04-16,276,150,426,2015-09-01,10,11001
"Bahamas, The",Grand Bahama Island,S1,2023-01-01,2023-12-31,187,126,313,2015-05-01,10,11002
"Bahamas, The",Nassau,S1,2023-01-01,2023-12-31,318,159,477,2015-03-01,10,10017
BAHRAIN,Bahrain,S1,2023-01-01,2023-12-31,251,126,377,2022-05-01,,11054
BAHRAIN,MANAMA,S1,2023-01-01,2023-12-31,251,126,377,2022-05-01,,91120
BANGLADESH,[Other],S1,2023-01-01,2023-12-31,143,102,245,2020-05-01,,11807
BANGLADESH,Chittagong,S1,2023-01-01,2023-12-31,150,96,246,2020-04-01,,11986
BANGLADESH,Dhaka,S1,2023-01-01,2023-12-31,240,95,335,2023-03-01,,10327
BANGLADESH,Sylhet,S1,2023-01-01,2023-12-31,177,104,281,2020-05-01,,15021
BARBADOS,Barbados,S1,2023-05-01,2023-11-14,210,167,377,2023-04-01,,11055
BARBADOS,Barbados,S2,2023-11-15,2023-04-30,321,178,499,2023-04-01,,11055
BELARUS,[Other],S1,2023-01-01,2023-12-31,190,67,257,2022-02-01,,11904
BELARUS,Minsk,S1,2023-01-01,2023-12-31,190,67,257,2022-02-01,,10822
BELGIUM,[Other],S1,2023-01-01,2023-12-31,78,68,146,2023-05-01,,11760
BELGIUM,Antwerp,S1,2023-01-01,2023-12-31,306,157,463,2023-02-01,,10112
BELGIUM,Bruges,S1,2023-01-01,2023-12-31,124,88,212,2023-05-01,12,12125
BELGIUM,Brussels,S1,2023-03-15,2023-06-20,321,145,466,2023-02-01,,10111
BELGIUM,Brussels,S2,2023-06-21,2023-03-14,206,134,340,2023-02-01,,10111
BELGIUM,Diegem,S1,2023-03-15,2023-06-20,321,145,466,2023-02-01,,11087
BELGIUM,Diegem,S2,2023-06-21,2023-03-14,206,134,340,2023-02-01,,11087
BELGIUM,Kleine Brogel,S1,2023-01-01,2023-12-31,110,77,187,2023-05-01,,10819
BELGIUM,Liege,S1,2023-01-01,2023-12-31,135,73,208,2023-05-01,,11091
BELGIUM,Mons,S1,2023-01-01,2023-12-31,181,110,291,2023-02-01,,10481
BELGIUM,SHAPE/Chievres,S1,2023-01-01,2023-12-31,181,110,291,2023-02-01,,10820
BELGIUM,Zaventem,S1,2023-03-15,2023-06-20,321,145,466,2023-02-01,,11093
BELGIUM,Zaventem,S2,2023-06-21,2023-03-14,206,134,340,2023-02-01,,11093
BELIZE,[Other],S1,2023-01-01,2023-12-31,109,77,186,2022-11-01,,11742
BELIZE,Belize City,S1,2023-01-01,2023-12-31,156,121,277,2022-11-01,,10049
BELIZE,Belmopan,S1,2023-01-01,2023-12-31,153,91,244,2022-11-01,,13643
BELIZE,Caye Caulker,S1,2023-01-01,2023-12-31,169,115,284,2022-11-01,,15072
BELIZE,Hopkins,S1,2023-01-01,2023-12-31,217,114,331,2022-11-01,,15073
BELIZE,Placencia,S1,2023-01-01,2023-12-31,223,113,336,2022-11-01,,15075
BELIZE,San Ignacio Town,S1,2023-01-01,2023-12-31,169,107,276,2022-11-01,,15076
BELIZE,San Pedro,S1,2023-01-01,2023-12-31,245,125,370,2022-11-01,,15018
BENIN,[Other],S1,2023-01-01,2023-12-31,80,67,147,2008-05-01,,11831
BENIN,Cotonou,S1,2023-01-01,2023-12-31,122,86,208,2023-02-01,,10386
BERMUDA,Bermuda,S1,2023-04-01,2023-11-30,428,204,632,2022-02-01,,11963
BERMUDA,Bermuda,S2,2023-12-01,2023-03-31,311,193,504,2022-02-01,,11963
BHUTAN,Bhutan,S1,2023-01-01,2023-12-31,280,112,392,2010-12-01,,11094
BOLIVIA,[Other],S1,2023-01-01,2023-12-31,77,53,130,2016-05-01,,11738
BOLIVIA,Cochabamba,S1,2023-01-01,2023-12-31,100,49,149,2023-05-01,,10019
BOLIVIA,La Paz,S1,2023-01-01,2023-12-31,140,98,238,2023-05-01,,10018
BOLIVIA,Potosi,S1,2023-01-01,2023-12-31,89,63,152,2023-05-01,,12246
BOLIVIA,Santa Cruz,S1,2023-01-01,2023-12-31,133,98,231,2023-05-01,,10435
BOLIVIA,Tarija,S1,2023-01-01,2023-12-31,85,67,152,2023-05-01,,11003
"Bonaire, Sint Eustatius, and Saba",Bonaire,S1,2023-01-01,2023-12-31,132,117,249,2023-03-01,,11666
"Bonaire, Sint Eustatius, and Saba",Saba,S1,2023-01-01,2023-12-31,238,129,367,2023-03-01,,12395
"Bonaire, Sint Eustatius, and Saba",Sint Eustatius,S1,2023-01-01,2023-12-31,239,110,349,2023-03-01,,12393
Bosnia and Herzegovina,[Other],S1,2023-01-01,2023-12-31,115,105,220,2023-02-01,,11915
Bosnia and Herzegovina,Sarajevo,S1,2023-01-01,2023-12-31,115,105,220,2023-02-01,,11043
BOTSWANA,[Other],S1,2023-01-01,2023-12-31,109,63,172,2023-01-01,,11824
BOTSWANA,Francistown,S1,2023-01-01,2023-12-31,117,62,179,2023-01-01,,12578
BOTSWANA,Gaborone,S1,2023-01-01,2023-12-31,124,70,194,2023-01-01,,10377
BOTSWANA,Kasane,S1,2023-01-01,2023-12-31,144,73,217,2023-01-01,,12390
BOTSWANA,Maun,S1,2023-01-01,2023-12-31,124,63,187,2023-01-01,,12579
BOTSWANA,Selebi Phikwe,S1,2023-01-01,2023-12-31,109,63,172,2023-01-01,,10728
BOTSWANA,Serowe,S1,2023-01-01,2023-12-31,67,61,128,2023-01-01,,12977
BRAZIL,[Other],S1,2023-01-01,2023-12-31,177,130,307,2012-05-01,,12078
BRAZIL,Belem,S1,2023-01-01,2023-12-31,82,50,132,2022-09-01,,11098
BRAZIL,Belo Horizonte,S1,2023-01-01,2023-12-31,82,84,166,2022-09-01,,10023
BRAZIL,Brasilia,S1,2023-01-01,2023-12-31,131,102,233,2022-09-01,,10022
BRAZIL,Fortaleza,S1,2023-01-01,2023-12-31,210,114,324,2013-06-01,,11004
BRAZIL,Foz do Iguacu,S1,2023-01-01,2023-12-31,76,76,152,2022-09-01,,11102
BRAZIL,Goiania,S1,2023-01-01,2023-12-31,194,131,325,2012-05-01,,11103
BRAZIL,Manaus,S1,2023-01-01,2023-12-31,117,95,212,2018-06-01,,11105
BRAZIL,Natal,S1,2023-01-01,2023-12-31,199,95,294,2010-11-01,,11106
BRAZIL,Porto Alegre,S1,2023-01-01,2023-12-31,177,114,291,2023-05-01,,10029
BRAZIL,Porto Velho,S1,2023-01-01,2023-12-31,69,40,109,2022-09-01,,15062
BRAZIL,"Recife, Pernambuco",S1,2023-01-01,2023-12-31,199,93,292,2010-11-01,,10030
BRAZIL,Rio de Janeiro,S1,2023-01-01,2023-12-31,218,158,376,2022-09-01,,10031
BRAZIL,Salvador da Bahia,S1,2023-01-01,2023-12-31,201,121,322,2013-12-01,,11108
BRAZIL,Sao Paulo,S1,2023-01-01,2023-12-31,286,100,386,2022-09-01,30,10033
BRUNEI,[Other],S1,2023-01-01,2023-12-31,75,48,123,2000-03-01,,11788
BRUNEI,Bandar Seri Begawan,S1,2023-01-01,2023-12-31,167,90,257,2023-05-01,,10250
BRUNEI,Jerudong,S1,2023-01-01,2023-12-31,245,106,351,2014-03-01,,19980
BULGARIA,[Other],S1,2023-01-01,2023-12-31,106,81,187,2021-09-01,,11762
BULGARIA,Bourgas,S1,2023-01-01,2023-12-31,106,81,187,2023-02-01,,12220
BULGARIA,Plovdiv,S1,2023-01-01,2023-12-31,119,87,206,2021-09-01,,12216
BULGARIA,Sofia,S1,2023-01-01,2023-12-31,173,94,267,2023-02-01,,10115
BULGARIA,Varna,S1,2023-01-01,2023-12-31,114,77,191,2020-03-01,,12219
BURKINA FASO,[Other],S1,2023-01-01,2023-12-31,67,60,127,2023-02-01,,11854
BURKINA FASO,Bobo Dioulasso,S1,2023-01-01,2023-12-31,67,60,127,2023-02-01,,11116
BURKINA FASO,Ouagadougou,S1,2023-01-01,2023-12-31,201,98,299,2023-05-01,,10432
BURMA,[Other],S1,2023-01-01,2023-12-31,150,93,243,2017-03-01,,11789
BURMA,Naypyitaw,S1,2023-01-01,2023-12-31,110,106,216,2017-03-01,,13519
BURMA,Rangoon,S1,2023-01-01,2023-12-31,180,107,287,2017-03-01,,10251
BURUNDI,[Other],S1,2023-01-01,2023-12-31,184,119,303,2023-01-01,2,11892
BURUNDI,Bujumbura,S1,2023-01-01,2023-12-31,184,119,303,2023-01-01,2,10378
CABO VERDE,[Other],S1,2023-01-01,2023-12-31,91,83,174,2023-03-01,,11826
CABO VERDE,Boa Vista Island,S1,2023-01-01,2023-12-31,154,59,213,2023-03-01,,11680
CABO VERDE,Fogo,S1,2023-01-01,2023-12-31,93,63,156,2023-03-01,,12283
CABO VERDE,Praia,S1,2023-01-01,2023-12-31,115,87,202,2023-03-01,,10381
CABO VERDE,Sal Island,S1,2023-01-01,2023-12-31,174,124,298,2023-03-01,,11681
CABO VERDE,Sao Tiago Island,S1,2023-01-01,2023-12-31,122,85,207,2023-03-01,,11682
CABO VERDE,Sao Vicente Island,S1,2023-01-01,2023-12-31,142,97,239,2023-03-01,,11683
CAMBODIA,[Other],S1,2023-01-01,2023-12-31,110,57,167,2015-04-01,,11790
CAMBODIA,Phnom Penh,S1,2023-01-01,2023-12-31,182,82,264,2022-11-01,,10253
CAMBODIA,Siem Reap,S1,2023-01-01,2023-12-31,187,79,266,2023-03-01,,11117
CAMBODIA,Sihanoukville,S1,2023-05-01,2023-08-31,145,73,218,2016-07-01,,13422
CAMBODIA,Sihanoukville,S2,2023-09-01,2023-04-30,180,76,256,2016-07-01,,13422
CAMEROON,[Other],S1,2023-01-01,2023-12-31,144,58,202,2023-02-01,2,11825
CAMEROON,Douala,S1,2023-01-01,2023-12-31,213,116,329,2023-02-01,,10380
CAMEROON,Limbe,S1,2023-01-01,2023-12-31,151,68,219,2023-05-01,,15055
CAMEROON,Yaounde,S1,2023-01-01,2023-12-31,203,117,320,2023-02-01,,10379
CANADA,[Other],S1,2023-01-01,2023-12-31,168,121,289,2023-04-01,74,11763
CANADA,Banff,S1,2023-01-01,2023-12-31,281,82,363,2022-12-01,74,11118
CANADA,Calgary,S1,2023-01-01,2023-12-31,236,130,366,2022-12-01,74,10118
CANADA,Dartmouth,S1,2023-01-01,2023-12-31,206,143,349,2023-05-01,74,10827
CANADA,Edmonton,S1,2023-01-01,2023-12-31,166,128,294,2022-12-01,74,10492
CANADA,"Fort McMurray, Alberta",S1,2023-01-01,2023-12-31,210,92,302,2008-01-01,74,13823
CANADA,Fredericton,S1,2023-01-01,2023-12-31,181,113,294,2023-05-01,74,12195
CANADA,"Gander, Newfoundland",S1,2023-01-01,2023-12-31,133,108,241,2023-05-01,74,12294
CANADA,Goose Bay,S1,2023-01-01,2023-12-31,159,108,267,2022-12-01,74,91127
CANADA,Halifax,S1,2023-01-01,2023-12-31,206,143,349,2023-05-01,74,10119
CANADA,Kelowna,S1,2023-01-01,2023-12-31,183,126,309,2022-12-01,74,91128
CANADA,"London, Ontario",S1,2023-01-01,2023-12-31,115,94,209,2010-08-01,74,10829
CANADA,Moncton,S1,2023-01-01,2023-12-31,146,111,257,2022-12-01,74,12194
CANADA,Montreal,S1,2023-01-01,2023-12-31,173,114,287,2023-04-01,"74,4",10120
CANADA,Nanoose Bay,S1,2023-01-01,2023-12-31,101,93,194,2022-12-01,74,13883
CANADA,"Niagara Falls, Ontario",S1,2023-01-01,2023-12-31,168,128,296,2022-12-01,74,91167
CANADA,Ottawa,S1,2023-01-01,2023-12-31,201,110,311,2022-12-01,74,10117
CANADA,Prince Edward Island,S1,2023-01-01,2023-12-31,203,134,337,2023-05-01,74,11121
CANADA,Quebec,S1,2023-01-01,2023-12-31,224,126,350,2022-12-01,74,10121
CANADA,"Regina, Saskatchewan",S1,2023-01-01,2023-12-31,192,91,283,2008-01-01,74,13822
CANADA,Richmond,S1,2023-01-01,2023-12-31,204,121,325,2022-12-01,74,11122
CANADA,"Saskatoon, Saskatchewan",S1,2023-01-01,2023-12-31,188,90,278,2008-01-01,74,12734
CANADA,Sidney,S1,2023-01-01,2023-12-31,139,101,240,2022-12-01,74,11124
CANADA,"St. John's, Newfoundland",S1,2023-01-01,2023-12-31,203,148,351,2023-04-01,74,11123
CANADA,Toronto,S1,2023-01-01,2023-12-31,265,121,386,2022-12-01,"74,5",10122
CANADA,Vancouver,S1,2023-03-16,2023-11-30,371,156,527,2022-12-01,74,10123
CANADA,Vancouver,S2,2023-12-01,2023-03-15,188,138,326,2022-12-01,74,10123
CANADA,Victoria,S1,2023-05-15,2023-10-01,215,124,339,2022-12-01,74,10832
CANADA,Victoria,S2,2023-10-02,2023-05-14,158,118,276,2022-12-01,74,10832
CANADA,"Whistler, BC",S1,2023-01-01,2023-12-31,228,118,346,2022-12-01,74,91140
CANADA,"Whitehorse, Yukon",S1,2023-01-01,2023-12-31,212,96,308,2022-12-01,74,91129
CANADA,Winnipeg,S1,2023-01-01,2023-12-31,182,138,320,2022-12-01,74,10124
CANADA,Yellowknife,S1,2023-01-01,2023-12-31,131,96,227,2022-12-01,74,91130
CAYMAN ISLANDS,Cayman Islands,S1,2023-07-17,2023-12-14,307,119,426,2015-12-01,,19016
CAYMAN ISLANDS,Cayman Islands,S2,2023-12-15,2023-07-16,588,147,735,2015-12-01,,19016
CENTRAL AFRICAN REPUBLIC,[Other],S1,2023-01-01,2023-12-31,215,87,302,2023-05-01,2,11827
CENTRAL AFRICAN REPUBLIC,Bangui,S1,2023-01-01,2023-12-31,215,87,302,2023-05-01,2,10382
CHAD,[Other],S1,2023-01-01,2023-12-31,173,100,273,2014-10-01,2,11828
CHAD,Ndjamena,S1,2023-01-01,2023-12-31,220,108,328,2023-05-01,,10383
CHAGOS ARCHIPELAGO,Diego Garcia,S1,2023-01-01,2023-12-31,147,80,227,2018-11-01,,11057
CHILE,[Other],S1,2023-01-01,2023-12-31,220,94,314,2023-03-01,,11893
CHILE,Santiago,S1,2023-01-01,2023-12-31,226,103,329,2023-03-01,,10035
CHINA,[Other],S1,2023-01-01,2023-12-31,137,107,244,2023-02-01,,11791
CHINA,Beijing,S1,2023-01-01,2023-12-31,257,144,401,2023-04-01,,10254
CHINA,Changchun,S1,2023-01-01,2023-12-31,167,100,267,2013-04-01,,13481
CHINA,Chengdu,S1,2023-01-01,2023-12-31,188,128,316,2023-05-01,,10258
CHINA,Chongqing,S1,2023-01-01,2023-12-31,124,103,227,2023-05-01,,11127
CHINA,Dalian,S1,2023-01-01,2023-12-31,166,108,274,2013-04-01,,11128
CHINA,Fuzhou,S1,2023-01-01,2023-12-31,176,122,298,2014-01-01,,12239
CHINA,Guangzhou,S1,2023-01-01,2023-12-31,246,169,415,2018-03-01,,10255
CHINA,Guilin,S1,2023-01-01,2023-12-31,168,100,268,2012-08-01,,12911
CHINA,Haikou,S1,2023-01-01,2023-12-31,170,110,280,2023-02-01,,12242
CHINA,Hangzhou,S1,2023-01-01,2023-12-31,169,124,293,2015-08-01,,11129
CHINA,Harbin,S1,2023-01-01,2023-12-31,187,101,288,2013-04-01,,12514
CHINA,Jinan,S1,2023-01-01,2023-12-31,121,85,206,2023-02-01,,15031
CHINA,Lhasa,S1,2023-01-01,2023-12-31,210,111,321,2018-01-01,,11998
CHINA,Lijiang,S1,2023-01-01,2023-12-31,153,133,286,2015-07-01,,13361
CHINA,Nanjing,S1,2023-01-01,2023-12-31,131,74,205,2023-02-01,,11130
CHINA,Nanning,S1,2023-01-01,2023-12-31,131,119,250,2011-11-01,,12241
CHINA,Ningbo,S1,2023-01-01,2023-12-31,130,93,223,2023-02-01,,13594
CHINA,Qingdao,S1,2023-01-01,2023-12-31,157,88,245,2011-05-01,,12504
CHINA,Sanya,S1,2023-01-01,2023-12-31,166,86,252,2023-02-01,,13406
CHINA,Shanghai,S1,2023-01-01,2023-12-31,238,132,370,2023-02-01,,10256
CHINA,Shantou,S1,2023-01-01,2023-12-31,141,86,227,2011-04-01,,11131
CHINA,Shenyang,S1,2023-01-01,2023-12-31,177,99,276,2023-02-01,,10257
CHINA,Shenzhen,S1,2023-01-01,2023-12-31,248,128,376,2023-02-01,,11132
CHINA,Suzhou,S1,2023-01-01,2023-12-31,143,103,246,2023-02-01,,13475
CHINA,Tianjin,S1,2023-01-01,2023-12-31,201,114,315,2023-05-01,,11133
CHINA,Urumqi,S1,2023-01-01,2023-12-31,146,79,225,2023-02-01,,12560
CHINA,Wuhan,S1,2023-01-01,2023-12-31,137,107,244,2023-02-01,,12509
CHINA,Xiamen,S1,2023-01-01,2023-12-31,175,113,288,2018-04-01,,12243
CHINA,Xian,S1,2023-01-01,2023-12-31,183,137,320,2023-02-01,,11134
CHINA,Zhuhai,S1,2023-01-01,2023-12-31,162,113,275,2023-02-01,,12240
COCOS (KEELING) ISLANDS,Cocos Islands,S1,2023-01-01,2023-12-31,58,50,108,1998-03-01,,11135
COLOMBIA,[Other],S1,2023-01-01,2023-12-31,98,52,150,2021-09-01,2,11744
COLOMBIA,Barranquilla,S1,2023-01-01,2023-12-31,113,71,184,2021-09-01,,10041
COLOMBIA,Bogota,S1,2023-01-01,2023-12-31,270,90,360,2023-05-01,,10040
COLOMBIA,Bucaramanga,S1,2023-01-01,2023-12-31,93,71,164,2021-10-01,2,13582
COLOMBIA,Buenaventura,S1,2023-01-01,2023-12-31,101,67,168,2021-09-01,2,12484
COLOMBIA,Cali,S1,2023-01-01,2023-12-31,148,75,223,2021-09-01,,10042
COLOMBIA,Cartagena,S1,2023-01-01,2023-12-31,263,102,365,2021-09-01,,11136
COLOMBIA,Cucuta,S1,2023-01-01,2023-12-31,135,74,209,2021-09-01,,91150
COLOMBIA,Medellin,S1,2023-01-01,2023-12-31,145,78,223,2021-09-01,,12415
COLOMBIA,Pasto,S1,2023-01-01,2023-12-31,110,53,163,2021-09-01,,91154
COLOMBIA,San Andres,S1,2023-01-01,2023-12-31,173,71,244,2021-09-01,,11999
COLOMBIA,San Jose del Guaviare,S1,2023-01-01,2023-12-31,98,52,150,2021-09-01,,91146
COLOMBIA,Santa Marta,S1,2023-01-01,2023-12-31,142,72,214,2021-09-01,,12648
COLOMBIA,Tumaco,S1,2023-01-01,2023-12-31,91,58,149,2021-09-01,,91145
COMOROS,[Other],S1,2023-01-01,2023-12-31,72,71,143,2015-08-01,,11829
COMOROS,Moroni,S1,2023-01-01,2023-12-31,116,75,191,2016-01-01,,10384
COOK ISLANDS,[Other],S1,2023-01-01,2023-12-31,226,112,338,2023-01-01,,11917
COOK ISLANDS,Rarotonga,S1,2023-01-01,2023-12-31,226,112,338,2023-01-01,,11044
COSTA RICA,[Other],S1,2023-01-01,2023-12-31,147,131,278,2023-04-01,,11745
COSTA RICA,San Jose,S1,2023-01-01,2023-12-31,147,131,278,2023-04-01,,10044
COTE D'IVOIRE,[Other],S1,2023-01-01,2023-12-31,80,76,156,2012-04-01,,11839
COTE D'IVOIRE,Abidjan,S1,2023-01-01,2023-12-31,216,107,323,2023-02-01,,10724
COTE D'IVOIRE,Yamoussoukro,S1,2023-01-01,2023-12-31,75,71,146,2023-02-01,,11489
CROATIA,[Other],S1,2023-01-01,2023-12-31,171,96,267,2023-01-01,,11912
CROATIA,Cavtat,S1,2023-05-13,2023-10-15,319,124,443,2016-11-01,,13394
CROATIA,Cavtat,S2,2023-10-16,2023-05-12,210,113,323,2016-11-01,,13394
CROATIA,Dubrovnik,S1,2023-05-13,2023-10-15,319,124,443,2016-11-01,,12718
CROATIA,Dubrovnik,S2,2023-10-16,2023-05-12,210,113,323,2016-11-01,,12718
CROATIA,Split,S1,2023-07-01,2023-09-30,412,134,546,2022-09-01,,12719
CROATIA,Split,S2,2023-10-01,2023-06-30,282,121,403,2022-09-01,,12719
CROATIA,Zagreb,S1,2023-01-01,2023-12-31,171,96,267,2023-01-01,,10838
CUBA,[Other],S1,2023-01-01,2023-12-31,100,49,149,2017-02-01,,11746
CUBA,Camaguey,S1,2023-01-01,2023-12-31,180,64,244,2017-02-01,,19973
CUBA,Guantanamo Bay,S1,2023-01-01,2023-12-31,125,52,177,2019-03-01,,10441
CUBA,Havana,S1,2023-01-01,2023-12-31,275,118,393,2022-07-01,,10047
CUBA,Holguin,S1,2023-01-01,2023-12-31,100,49,149,2017-02-01,,19975
CUBA,Matanzas,S1,2023-01-01,2023-12-31,110,47,157,2017-02-01,,19970
CUBA,Santiago,S1,2023-01-01,2023-12-31,130,60,190,2017-02-01,,13872
CUBA,Trinidad,S1,2023-01-01,2023-12-31,128,63,191,2017-02-01,,19972
Curacao,Curacao,S1,2023-01-01,2023-12-31,362,137,499,2023-02-01,,10088
CYPRUS,[Other],S1,2023-01-01,2023-12-31,185,90,275,2023-05-01,,11764
CYPRUS,Akrotiri,S1,2023-01-01,2023-12-31,250,134,384,2023-04-01,,13359
CYPRUS,Limassol,S1,2023-01-01,2023-12-31,250,134,384,2023-04-01,,11139
CYPRUS,Nicosia,S1,2023-01-01,2023-12-31,210,96,306,2023-02-01,,10126
CYPRUS,Paphos,S1,2023-01-01,2023-12-31,166,107,273,2023-04-01,,13518
Czech Republic,[Other],S1,2023-01-01,2023-12-31,139,82,221,2019-10-01,,11913
Czech Republic,Brno,S1,2023-01-01,2023-12-31,132,84,216,2019-10-01,,13581
Czech Republic,Prague,S1,2023-01-01,2023-12-31,255,110,365,2023-05-01,,10839
DEM. PEOPLE'S REPUBLIC OF KOREA,[Other],S1,2023-01-01,2023-12-31,113,63,176,2018-10-01,,11952
DEM. PEOPLE'S REPUBLIC OF KOREA,Pyongyang,S1,2023-01-01,2023-12-31,168,69,237,2018-10-01,,11730
DEMOCRATIC REPUBLIC OF THE CONGO,[Other],S1,2023-01-01,2023-12-31,139,107,246,2023-03-01,2,11888
DEMOCRATIC REPUBLIC OF THE CONGO,Bukavu,S1,2023-01-01,2023-12-31,154,122,276,2023-03-01,,10427
DEMOCRATIC REPUBLIC OF THE CONGO,Goma,S1,2023-01-01,2023-12-31,139,107,246,2023-03-01,,11500
DEMOCRATIC REPUBLIC OF THE CONGO,Kinshasa,S1,2023-01-01,2023-12-31,240,152,392,2023-03-01,,10424
DEMOCRATIC REPUBLIC OF THE CONGO,Lubumbashi,S1,2023-01-01,2023-12-31,158,147,305,2023-03-01,,10425
DENMARK,[Other],S1,2023-01-01,2023-12-31,205,105,310,2023-05-01,,11765
DENMARK,Aalborg,S1,2023-01-01,2023-12-31,195,110,305,2023-05-01,,12505
DENMARK,Copenhagen,S1,2023-01-01,2023-12-31,249,151,400,2023-05-01,,10129
DENMARK,Lyngby,S1,2023-01-01,2023-12-31,249,151,400,2023-05-01,,13841
DENMARK,Odense,S1,2023-01-01,2023-12-31,202,116,318,2023-05-01,,12507
DJIBOUTI,[Other],S1,2023-01-01,2023-12-31,85,98,183,2023-02-01,,11821
DJIBOUTI,Djibouti City,S1,2023-01-01,2023-12-31,260,120,380,2023-02-01,,11078
DOMINICA,Dominica,S1,2023-01-01,2023-12-31,316,135,451,2023-04-01,,11140
DOMINICAN REPUBLIC,[Other],S1,2023-01-01,2023-12-31,180,60,240,2022-04-01,,11747
DOMINICAN REPUBLIC,Bavaro,S1,2023-01-01,2023-12-31,225,63,288,2023-02-01,,12936
DOMINICAN REPUBLIC,La Romana,S1,2023-01-01,2023-12-31,280,83,363,2023-05-01,,11141
DOMINICAN REPUBLIC,Puerto Plata,S1,2023-01-01,2023-12-31,200,46,246,2023-02-01,,11142
DOMINICAN REPUBLIC,Punta Cana,S1,2023-01-01,2023-12-31,217,65,282,2023-02-01,,12933
DOMINICAN REPUBLIC,Santo Domingo,S1,2023-01-01,2023-12-31,221,125,346,2023-05-01,,10054
DOMINICAN REPUBLIC,Sosua,S1,2023-01-01,2023-12-31,150,63,213,2016-06-01,,11143
ECUADOR,[Other],S1,2023-01-01,2023-12-31,122,94,216,2021-08-01,,11910
ECUADOR,Cuenca,S1,2023-01-01,2023-12-31,122,94,216,2021-08-01,,12132
ECUADOR,Galapagos Islands,S1,2023-01-01,2023-12-31,300,136,436,2021-08-01,,13928
ECUADOR,Guayaquil,S1,2023-01-01,2023-12-31,149,102,251,2021-08-01,,10057
ECUADOR,Manta,S1,2023-01-01,2023-12-31,118,89,207,2018-06-01,,12002
ECUADOR,Quito,S1,2023-01-01,2023-12-31,190,105,295,2023-01-01,,10056
EGYPT,[Other],S1,2023-01-01,2023-12-31,165,70,235,2019-11-01,2,11809
EGYPT,Alexandria,S1,2023-01-01,2023-12-31,175,95,270,2020-01-01,2,10329
EGYPT,Aswan,S1,2023-04-01,2023-09-30,135,102,237,2019-11-01,2,11145
EGYPT,Aswan,S2,2023-10-01,2023-03-31,165,105,270,2019-11-01,2,11145
EGYPT,Cairo,S1,2023-01-01,2023-12-31,175,98,273,2023-03-01,2,10328
EGYPT,Luxor,S1,2023-01-01,2023-12-31,150,79,229,2017-01-01,2,11389
EGYPT,Sharm el Sheikh,S1,2023-01-05,2023-09-28,140,86,226,2019-09-01,2,11395
EGYPT,Sharm el Sheikh,S2,2023-09-29,2023-01-04,160,88,248,2019-09-01,2,11395
EL SALVADOR,[Other],S1,2023-01-01,2023-12-31,62,48,110,2016-07-01,,11748
EL SALVADOR,San Salvador,S1,2023-01-01,2023-12-31,128,93,221,2008-02-01,25,10058
EQUATORIAL GUINEA,[Other],S1,2023-01-01,2023-12-31,168,105,273,2023-05-01,,11832
EQUATORIAL GUINEA,Bata,S1,2023-01-01,2023-12-31,110,61,171,2017-08-01,,91132
EQUATORIAL GUINEA,Malabo,S1,2023-01-01,2023-12-31,168,105,273,2023-05-01,,10387
ERITREA,[Other],S1,2023-01-01,2023-12-31,60,85,145,2015-07-01,,11901
ERITREA,Asmara,S1,2023-01-01,2023-12-31,125,75,200,2022-08-01,,10726
ERITREA,Keren,S1,2023-01-01,2023-12-31,60,85,145,2015-07-01,,20010
ERITREA,Massawa,S1,2023-01-01,2023-12-31,90,83,173,2015-03-01,,20001
ESTONIA,[Other],S1,2023-06-01,2023-09-30,217,109,326,2023-05-01,,11856
ESTONIA,[Other],S2,2023-10-01,2023-05-31,155,102,257,2023-05-01,,11856
ESTONIA,Tallinn,S1,2023-01-01,2023-12-31,185,110,295,2023-05-01,,10130
ESWATINI,[Other],S1,2023-01-01,2023-12-31,31,21,52,2023-03-01,79,11850
ESWATINI,Mbabane,S1,2023-01-01,2023-12-31,94,56,150,2023-03-01,79,10419
ETHIOPIA,[Other],S1,2023-01-01,2023-12-31,96,61,157,2015-05-01,,11833
ETHIOPIA,Addis Ababa,S1,2023-01-01,2023-12-31,250,134,384,2023-03-01,,10388
Falkland Islands (Islas Malvinas),Falkland Islands,S1,2023-01-01,2023-12-31,93,68,161,2023-01-01,,11161
FAROE ISLANDS,Faroe Islands,S1,2023-01-01,2023-12-31,220,94,314,2023-05-01,,11162
FIJI,[Other],S1,2023-01-01,2023-12-31,219,113,332,2023-05-01,,11792
FIJI,Korolevu,S1,2023-01-01,2023-12-31,65,73,138,2023-01-01,,12262
FIJI,Nadi,S1,2023-01-01,2023-12-31,173,92,265,2023-01-01,,11163
FIJI,Natadola,S1,2023-01-01,2023-12-31,424,149,573,2023-01-01,,19991
FIJI,Sigatoka,S1,2023-01-01,2023-12-31,134,77,211,2023-01-01,,11164
FIJI,Suva,S1,2023-01-01,2023-12-31,219,113,332,2023-05-01,,10259
FINLAND,[Other],S1,2023-01-01,2023-12-31,239,115,354,2023-05-01,,11766
FINLAND,Helsinki,S1,2023-01-01,2023-12-31,267,135,402,2023-05-01,,10131
FRANCE,[Other],S1,2023-01-01,2023-12-31,205,124,329,2023-05-01,,11855
FRANCE,Bordeaux,S1,2023-01-01,2023-12-31,199,126,325,2023-05-01,,10138
FRANCE,Cannes,S1,2023-05-01,2023-09-30,460,156,616,2023-05-01,,11166
FRANCE,Cannes,S2,2023-10-01,2023-04-30,323,142,465,2023-05-01,,11166
FRANCE,Deauville,S1,2023-01-01,2023-12-31,317,121,438,2023-05-01,,12087
FRANCE,Lyon,S1,2023-01-01,2023-12-31,273,142,415,2023-05-01,,10139
FRANCE,Marseille,S1,2023-01-01,2023-12-31,330,144,474,2023-05-01,,10140
FRANCE,Montpellier,S1,2023-01-01,2023-12-31,196,155,351,2023-05-01,,10843
FRANCE,Nice,S1,2023-01-01,2023-12-31,210,131,341,2023-05-01,,11412
FRANCE,Paris,S1,2023-01-01,2023-12-31,476,161,637,2023-05-01,6,10137
FRANCE,Strasbourg,S1,2023-01-01,2023-12-31,330,153,483,2023-05-01,,10142
FRANCE,Toulouse,S1,2023-01-01,2023-12-31,220,122,342,2023-05-01,,11413
FRENCH GUIANA,French Guiana,S1,2023-01-01,2023-12-31,168,87,255,2023-05-01,,11173
FRENCH POLYNESIA,French Polynesia,S1,2023-01-01,2023-12-31,266,155,421,2007-11-01,,11174
GABON,[Other],S1,2023-01-01,2023-12-31,184,133,317,2011-02-01,,11834
GABON,Libreville,S1,2023-01-01,2023-12-31,210,133,343,2023-05-01,,10389
"Gambia, The",[Other],S1,2023-01-01,2023-12-31,35,32,67,2006-04-01,,11835
"Gambia, The",Banjul,S1,2023-01-01,2023-12-31,143,71,214,2023-01-01,,10390
GEORGIA,[Other],S1,2023-01-01,2023-12-31,72,63,135,2007-10-01,,11767
GEORGIA,Ajara Region,S1,2023-01-01,2023-12-31,195,95,290,2013-12-01,,13416
GEORGIA,Borjomi,S1,2023-01-01,2023-12-31,91,71,162,2007-11-01,,13420
GEORGIA,Gudauri,S1,2023-04-01,2023-11-30,104,71,175,2007-10-01,,13414
GEORGIA,Gudauri,S2,2023-12-01,2023-03-31,162,77,239,2007-10-01,,13414
GEORGIA,Kutaisi,S1,2023-01-01,2023-12-31,85,76,161,2013-12-01,,13417
GEORGIA,Tbilisi,S1,2023-01-01,2023-12-31,236,105,341,2023-04-01,,10143
GERMANY,[Other],S1,2023-01-01,2023-12-31,209,124,333,2023-03-01,,11857
GERMANY,Berlin,S1,2023-01-01,2023-12-31,247,133,380,2023-05-01,,10145
GERMANY,Boeblingen,S1,2023-01-01,2023-12-31,220,126,346,2023-03-01,,10898
GERMANY,Bonames,S1,2023-01-01,2023-12-31,222,115,337,2023-03-01,,11182
GERMANY,Bonn,S1,2023-01-01,2023-12-31,209,124,333,2023-03-01,,10144
GERMANY,Bremen,S1,2023-01-01,2023-12-31,215,121,336,2023-05-01,,10856
GERMANY,Cologne,S1,2023-01-01,2023-12-31,265,119,384,2023-05-01,,10152
GERMANY,Dresden,S1,2023-01-01,2023-12-31,220,123,343,2023-05-01,,11186
GERMANY,Duesseldorf,S1,2023-01-01,2023-12-31,266,127,393,2023-03-01,,10146
GERMANY,Echterdingen,S1,2023-01-01,2023-12-31,220,126,346,2023-03-01,,11187
GERMANY,Erfurt,S1,2023-01-01,2023-12-31,219,120,339,2023-05-01,,11188
GERMANY,Eschborn,S1,2023-01-01,2023-12-31,222,115,337,2023-03-01,,11189
GERMANY,Esslingen,S1,2023-01-01,2023-12-31,220,126,346,2023-03-01,,11415
GERMANY,Frankfurt am Main,S1,2023-01-01,2023-12-31,222,115,337,2023-03-01,,10147
GERMANY,Garmisch-Partenkirchen,S1,2023-01-01,2023-12-31,197,111,308,2023-05-01,,10867
GERMANY,Hamburg,S1,2023-01-01,2023-12-31,220,110,330,2023-05-01,,10148
GERMANY,Hannover,S1,2023-01-01,2023-12-31,213,113,326,2023-05-01,,10151
GERMANY,Heidelberg,S1,2023-01-01,2023-12-31,219,120,339,2023-03-01,,10153
GERMANY,Herongen,S1,2023-01-01,2023-12-31,266,127,393,2023-03-01,,10862
GERMANY,Hoechst,S1,2023-01-01,2023-12-31,222,115,337,2023-03-01,,11423
GERMANY,Kalkar,S1,2023-01-01,2023-12-31,266,127,393,2023-03-01,,10863
GERMANY,Koenigswinter,S1,2023-01-01,2023-12-31,209,124,333,2023-03-01,,11427
GERMANY,Kornwestheim,S1,2023-01-01,2023-12-31,220,126,346,2023-03-01,,11429
GERMANY,Leipzig,S1,2023-01-01,2023-12-31,263,121,384,2023-05-01,,10623
GERMANY,Ludwigsburg,S1,2023-01-01,2023-12-31,220,126,346,2023-03-01,,10899
GERMANY,Mainz,S1,2023-01-01,2023-12-31,209,131,340,2023-03-01,,10901
GERMANY,Moenchen-Gladbach,S1,2023-01-01,2023-12-31,266,127,393,2023-03-01,,10861
GERMANY,Munich,S1,2023-01-01,2023-12-31,240,126,366,2023-05-01,,10149
GERMANY,Nellingen,S1,2023-01-01,2023-12-31,220,126,346,2023-03-01,,10900
GERMANY,Oberammergau,S1,2023-01-01,2023-12-31,197,111,308,2023-05-01,,10523
GERMANY,Offenbach,S1,2023-01-01,2023-12-31,222,115,337,2023-03-01,,11434
GERMANY,Roedelheim,S1,2023-01-01,2023-12-31,222,115,337,2023-03-01,,11439
GERMANY,Sindelfingen,S1,2023-01-01,2023-12-31,220,126,346,2023-03-01,,11447
GERMANY,Stuttgart,S1,2023-01-01,2023-12-31,220,126,346,2023-03-01,,10150
GERMANY,Tuebingen,S1,2023-01-01,2023-12-31,220,126,346,2023-03-01,,11451
GERMANY,Twisteden,S1,2023-01-01,2023-12-31,266,127,393,2023-03-01,,10864
GERMANY,Wiesbaden,S1,2023-01-01,2023-12-31,225,121,346,2023-03-01,,10540
GHANA,[Other],S1,2023-01-01,2023-12-31,120,56,176,2023-02-01,,11836
GHANA,Accra,S1,2023-01-01,2023-12-31,232,79,311,2023-02-01,,10391
GIBRALTAR,Gibraltar,S1,2023-01-01,2023-12-31,198,108,306,2023-01-01,,11225
GREECE,[Other],S1,2023-01-01,2023-12-31,152,80,232,2023-05-01,,11894
GREECE,Athens,S1,2023-01-01,2023-12-31,197,145,342,2023-05-01,,10133
GREECE,Iraklion (Crete),S1,2023-01-01,2023-12-31,152,80,232,2023-05-01,,10916
GREENLAND,[Other],S1,2023-01-01,2023-12-31,208,104,312,2023-05-01,,13409
GREENLAND,Ilulissat,S1,2023-01-01,2023-12-31,220,117,337,2023-05-01,,13650
GREENLAND,Kangerlussuaq,S1,2023-01-01,2023-12-31,190,105,295,2023-05-01,,13602
GREENLAND,Nuuk,S1,2023-01-01,2023-12-31,206,113,319,2023-05-01,,11058
GREENLAND,Thule,S1,2023-01-01,2023-12-31,210,68,278,2007-09-01,,13408
GRENADA,Grenada,S1,2023-01-01,2023-12-31,300,142,442,2023-04-01,,11059
GUADELOUPE,[Other],S1,2023-01-01,2023-12-31,77,80,157,1993-10-01,8,11939
GUADELOUPE,Saint Martin (French Part),S1,2023-01-01,2023-12-31,124,100,224,2020-02-01,8,11226
GUATEMALA,[Other],S1,2023-01-01,2023-12-31,106,76,182,2007-07-01,,11858
GUATEMALA,Guatemala City,S1,2023-01-01,2023-12-31,144,94,238,2023-01-01,,10062
GUINEA,[Other],S1,2023-01-01,2023-12-31,57,48,105,1996-12-01,,11838
GUINEA,Conakry,S1,2023-01-01,2023-12-31,224,94,318,2022-06-01,,10393
GUINEA-BISSAU,[Other],S1,2023-01-01,2023-12-31,73,44,117,2014-04-01,,11837
GUINEA-BISSAU,Bissau,S1,2023-01-01,2023-12-31,150,103,253,2023-02-01,,10394
GUYANA,[Other],S1,2023-01-01,2023-12-31,198,119,317,2022-09-01,,11741
GUYANA,Georgetown,S1,2023-01-01,2023-12-31,198,119,317,2022-09-01,,10051
HAITI,[Other],S1,2023-01-01,2023-12-31,140,40,180,2013-05-01,2,11750
HAITI,Cap Haitien,S1,2023-01-01,2023-12-31,150,91,241,2013-05-01,2,12688
HAITI,Jacmel,S1,2023-01-01,2023-12-31,98,75,173,2013-05-01,2,12692
HAITI,Montrouis,S1,2023-01-01,2023-12-31,133,106,239,2011-02-01,2,12694
HAITI,Petionville,S1,2023-01-01,2023-12-31,155,111,266,2013-02-01,2,11018
HAITI,Port-au-Prince,S1,2023-01-01,2023-12-31,155,98,253,2023-02-01,2,10064
HOLY SEE,Holy See,S1,2023-01-01,2023-12-31,355,132,487,2023-05-01,,11060
HONDURAS,[Other],S1,2023-01-01,2023-12-31,130,80,210,2016-01-01,,11859
HONDURAS,Bay Islands,S1,2023-01-01,2023-12-31,198,99,297,2019-10-01,,11227
HONDURAS,La Ceiba,S1,2023-01-01,2023-12-31,138,85,223,2016-01-01,,11228
HONDURAS,San Pedro Sula,S1,2023-01-01,2023-12-31,187,98,285,2016-01-01,,10066
HONDURAS,Tegucigalpa,S1,2023-01-01,2023-12-31,187,91,278,2021-11-01,,10065
HONDURAS,Tela,S1,2023-01-01,2023-12-31,125,86,211,2016-01-01,,11231
HONG KONG,Hong Kong,S1,2023-01-01,2023-12-31,355,180,535,2015-03-01,,10261
HUNGARY,[Other],S1,2023-01-01,2023-12-31,130,59,189,2022-06-01,,11768
HUNGARY,Budapest,S1,2023-01-01,2023-12-31,235,93,328,2022-06-01,,10158
HUNGARY,Papa,S1,2023-01-01,2023-12-31,130,59,189,2022-06-01,,13846
ICELAND,[Other],S1,2023-01-01,2023-12-31,142,134,276,2023-05-01,,11860
ICELAND,Akureyri,S1,2023-01-01,2023-12-31,143,134,277,2023-05-01,,13942
ICELAND,Egilsstadir,S1,2023-01-01,2023-12-31,220,114,334,2023-05-01,,13944
ICELAND,Reykjavik,S1,2023-05-15,2023-09-30,260,133,393,2023-05-01,,10160
ICELAND,Reykjavik,S2,2023-10-01,2023-05-14,220,129,349,2023-05-01,,10160
INDIA,[Other],S1,2023-01-01,2023-12-31,196,92,288,2018-07-01,,11810
INDIA,Agra,S1,2023-01-01,2023-12-31,139,81,220,2019-08-01,,11232
INDIA,Bangalore,S1,2023-01-01,2023-12-31,352,141,493,2018-06-01,,11233
INDIA,Chennai,S1,2023-01-01,2023-12-31,226,102,328,2022-11-01,,10336
INDIA,Goa,S1,2023-01-01,2023-12-31,195,67,262,2022-11-01,,13550
INDIA,Hyderabad,S1,2023-01-01,2023-12-31,222,116,338,2023-03-01,,11235
INDIA,Kolkata,S1,2023-01-01,2023-12-31,268,118,386,2019-07-01,,10335
INDIA,Mumbai,S1,2023-01-01,2023-12-31,192,106,298,2022-11-01,,10334
INDIA,New Delhi,S1,2023-01-01,2023-12-31,218,115,333,2022-11-01,,10333
INDIA,Pune,S1,2023-01-01,2023-12-31,187,101,288,2018-09-01,,13551
INDIA,Trivandrum,S1,2023-01-01,2023-12-31,182,56,238,2005-01-01,,12368
INDONESIA,[Other],S1,2023-01-01,2023-12-31,128,56,184,2023-05-01,,11794
INDONESIA,Bali,S1,2023-01-01,2023-12-31,235,111,346,2019-04-01,,11236
INDONESIA,Bandung,S1,2023-01-01,2023-12-31,218,107,325,2013-09-01,,10753
INDONESIA,Denpasar,S1,2023-01-01,2023-12-31,235,111,346,2019-04-01,,19023
INDONESIA,Jakarta,S1,2023-01-01,2023-12-31,252,102,354,2023-02-01,,10262
INDONESIA,Jayapura,S1,2023-01-01,2023-12-31,142,74,216,2023-05-01,,11238
INDONESIA,Medan,S1,2023-01-01,2023-12-31,79,65,144,2023-02-01,,10271
INDONESIA,Surabaya,S1,2023-01-01,2023-12-31,147,105,252,2023-02-01,,10272
INDONESIA,"Timika, Irian Jaya",S1,2023-01-01,2023-12-31,220,94,314,2023-02-01,,12456
IRAN,[Other],S1,2023-01-01,2023-12-31,97,58,155,1993-09-01,,11940
IRAN,Tehran,S1,2023-01-01,2023-12-31,97,58,155,1993-09-01,,11239
IRAQ,[Other],S1,2023-01-01,2023-12-31,247,82,329,2015-12-01,"53,24,2",11895
IRAQ,Baghdad,S1,2023-01-01,2023-12-31,0,11,11,2004-10-01,"24,2",10344
IRAQ,Erbil,S1,2023-01-01,2023-12-31,211,65,276,2011-12-01,"53,24,2",15013
IRELAND,[Other],S1,2023-01-01,2023-12-31,151,94,245,2023-05-01,,11874
IRELAND,Cork,S1,2023-01-01,2023-12-31,157,109,266,2023-05-01,,12449
IRELAND,Dublin,S1,2023-01-01,2023-12-31,253,100,353,2023-05-01,,10162
IRELAND,Galway,S1,2023-01-01,2023-12-31,168,108,276,2023-05-01,,12429
ISRAEL,[Other],S1,2023-01-01,2023-12-31,305,146,451,2016-03-01,,11811
ISRAEL,Eilat,S1,2023-01-01,2023-12-31,455,150,605,2023-04-01,,11240
ISRAEL,En Boqeq,S1,2023-01-01,2023-12-31,300,122,422,2016-03-01,,11241
ISRAEL,Haifa,S1,2023-01-01,2023-12-31,365,131,496,2023-04-01,,11397
ISRAEL,Herzliya-Pituach,S1,2023-01-01,2023-12-31,460,180,640,2023-04-01,,15025
ISRAEL,Jerusalem,S1,2023-01-01,2023-12-31,420,169,589,2022-11-01,,11061
ISRAEL,Sedom,S1,2023-01-01,2023-12-31,300,122,422,2016-03-01,,11398
ISRAEL,Tel Aviv,S1,2023-01-01,2023-12-31,510,184,694,2023-04-01,,10345
ISRAEL,Tiberias,S1,2023-01-01,2023-12-31,305,146,451,2016-03-01,,12370
ITALY,[Other],S1,2023-01-01,2023-12-31,191,114,305,2023-05-01,,11769
ITALY,Aviano,S1,2023-01-01,2023-12-31,110,84,194,2023-05-01,,10934
ITALY,Bari,S1,2023-01-01,2023-12-31,242,136,378,2023-05-01,,11246
ITALY,Bologna,S1,2023-01-01,2023-12-31,270,121,391,2023-05-01,,11456
ITALY,Bolzano,S1,2023-01-01,2023-12-31,195,117,312,2023-05-01,,15041
ITALY,Capri,S1,2023-01-01,2023-12-31,408,164,572,2023-05-01,,15011
ITALY,Catania,S1,2023-01-01,2023-12-31,165,120,285,2023-05-01,,10928
ITALY,Como,S1,2023-01-01,2023-12-31,309,157,466,2023-05-01,,13967
ITALY,Ferrara,S1,2023-01-01,2023-12-31,163,107,270,2023-05-01,,11460
ITALY,Florence,S1,2023-01-01,2023-12-31,270,127,397,2023-05-01,,10164
ITALY,Gaeta,S1,2023-04-01,2023-09-30,365,144,509,2023-05-01,,10930
ITALY,Gaeta,S2,2023-10-01,2023-03-31,180,126,306,2023-05-01,,10930
ITALY,Genoa,S1,2023-01-01,2023-12-31,224,115,339,2023-05-01,,10165
ITALY,La Spezia,S1,2023-01-01,2023-12-31,140,101,241,2023-05-01,,10931
ITALY,Milan,S1,2023-01-01,2023-12-31,298,141,439,2023-05-01,,10166
ITALY,Modena,S1,2023-01-01,2023-12-31,169,88,257,2023-05-01,,11465
ITALY,Naples,S1,2023-01-01,2023-12-31,309,132,441,2023-05-01,,10167
ITALY,Palermo,S1,2023-01-01,2023-12-31,207,114,321,2023-05-01,,10168
ITALY,Pisa,S1,2023-01-01,2023-12-31,134,89,223,2023-05-01,,10933
ITALY,Ravenna,S1,2023-01-01,2023-12-31,141,101,242,2023-05-01,,11468
ITALY,Reggio Emilia,S1,2023-01-01,2023-12-31,165,108,273,2023-05-01,,11470
ITALY,Rimini,S1,2023-01-01,2023-12-31,175,118,293,2023-05-01,,10935
ITALY,Rome,S1,2023-01-01,2023-12-31,355,132,487,2023-05-01,,10163
ITALY,Siena,S1,2023-01-01,2023-12-31,258,112,370,2023-05-01,,11471
ITALY,Taormina,S1,2023-01-01,2023-12-31,165,120,285,2023-05-01,,11473
ITALY,Treviso,S1,2023-01-01,2023-12-31,180,106,286,2023-05-01,,13847
ITALY,Trieste,S1,2023-01-01,2023-12-31,213,104,317,2023-05-01,,12157
ITALY,Turin,S1,2023-01-01,2023-12-31,281,136,417,2023-05-01,,10170
ITALY,Venice,S1,2023-01-01,2023-12-31,374,208,582,2023-05-01,,11479
ITALY,Verona,S1,2023-01-01,2023-12-31,180,86,266,2023-05-01,,10936
ITALY,Vicenza,S1,2023-01-01,2023-12-31,146,87,233,2023-05-01,,10937
JAMAICA,[Other],S1,2023-01-01,2023-12-31,211,101,312,2022-08-01,,11861
JAMAICA,Kingston,S1,2023-01-01,2023-12-31,211,101,312,2022-08-01,,10068
JAMAICA,Montego Bay,S1,2023-09-02,2023-11-30,209,86,295,2015-03-01,,13870
JAMAICA,Montego Bay,S2,2023-12-01,2023-09-01,316,96,412,2015-03-01,,13870
JAPAN,[Other],S1,2023-01-01,2023-12-31,125,77,202,2023-04-01,115,11795
JAPAN,Akashi,S1,2023-01-01,2023-12-31,233,125,358,2023-04-01,115,11268
JAPAN,Amagasaki,S1,2023-01-01,2023-12-31,233,125,358,2023-04-01,115,11270
JAPAN,Asahikawa,S1,2023-01-01,2023-12-31,87,71,158,2023-04-01,115,11326
JAPAN,Ashiya,S1,2023-01-01,2023-12-31,130,131,261,2023-04-01,115,11327
JAPAN,Awashima,S1,2023-01-01,2023-12-31,244,169,413,2023-04-01,"115,36",11328
JAPAN,Beppu,S1,2023-01-01,2023-12-31,150,89,239,2023-04-01,115,11329
JAPAN,Fukui,S1,2023-01-01,2023-12-31,72,61,133,2023-04-01,115,11331
JAPAN,Fukuoka,S1,2023-01-01,2023-12-31,189,140,329,2023-04-01,115,10274
JAPAN,Fukuyama,S1,2023-01-01,2023-12-31,72,67,139,2023-04-01,115,11334
JAPAN,Gifu,S1,2023-01-01,2023-12-31,142,98,240,2023-04-01,115,11335
JAPAN,Hamamatsu,S1,2023-01-01,2023-12-31,126,72,198,2023-04-01,115,12634
JAPAN,Hiroshima,S1,2023-07-20,2023-08-31,260,113,373,2023-04-01,115,11337
JAPAN,Hiroshima,S2,2023-09-01,2023-07-19,153,102,255,2023-04-01,115,11337
JAPAN,Itazuke,S1,2023-01-01,2023-12-31,189,140,329,2023-04-01,115,11338
JAPAN,Izumisano,S1,2023-01-01,2023-12-31,159,75,234,2023-04-01,115,12488
JAPAN,Kagoshima,S1,2023-01-01,2023-12-31,131,74,205,2023-04-01,115,11340
JAPAN,Kanazawa,S1,2023-01-01,2023-12-31,84,79,163,2023-04-01,115,11341
JAPAN,Kitakyushu,S1,2023-01-01,2023-12-31,140,94,234,2023-04-01,115,11342
JAPAN,Kochi,S1,2023-01-01,2023-12-31,106,67,173,2023-04-01,115,11343
JAPAN,Komaki,S1,2023-01-01,2023-12-31,106,95,201,2023-04-01,115,11344
JAPAN,Kumamoto,S1,2023-01-01,2023-12-31,162,84,246,2023-04-01,115,11345
JAPAN,Kurashiki,S1,2023-01-01,2023-12-31,185,137,322,2023-04-01,115,12160
JAPAN,Kure,S1,2023-01-01,2023-12-31,97,97,194,2023-04-01,115,11346
JAPAN,Kyoto,S1,2023-01-01,2023-12-31,272,126,398,2023-04-01,115,10280
JAPAN,Matsue,S1,2023-01-01,2023-12-31,72,64,136,2023-04-01,115,11347
JAPAN,Matsuyama,S1,2023-01-01,2023-12-31,103,95,198,2023-04-01,115,11348
JAPAN,Miyazaki City,S1,2023-01-01,2023-12-31,216,104,320,2023-04-01,115,11350
JAPAN,Morioka,S1,2023-01-01,2023-12-31,95,69,164,2023-04-01,115,11351
JAPAN,Nagasaki,S1,2023-01-01,2023-12-31,185,106,291,2023-04-01,115,11352
JAPAN,Nagoya,S1,2023-01-01,2023-12-31,243,154,397,2023-05-01,115,10276
JAPAN,NAHA,S1,2023-07-01,2023-08-31,237,89,326,2023-04-01,115,91121
JAPAN,NAHA,S2,2023-09-01,2023-06-30,153,80,233,2023-04-01,115,91121
JAPAN,Nara,S1,2023-01-01,2023-12-31,92,80,172,2023-04-01,115,11354
JAPAN,Narita,S1,2023-01-01,2023-12-31,154,75,229,2023-04-01,115,11355
JAPAN,Niigata,S1,2023-01-01,2023-12-31,67,81,148,2023-04-01,115,11356
JAPAN,Nishinomiya,S1,2023-01-01,2023-12-31,130,131,261,2023-04-01,115,11357
JAPAN,Obihiro,S1,2023-01-01,2023-12-31,105,71,176,2023-04-01,115,11361
JAPAN,Oita,S1,2023-01-01,2023-12-31,97,86,183,2023-04-01,115,11364
JAPAN,Okayama,S1,2023-01-01,2023-12-31,124,103,227,2023-04-01,115,11365
JAPAN,Okinawa Prefecture,S1,2023-07-01,2023-08-31,260,103,363,2023-04-01,115,10278
JAPAN,Okinawa Prefecture,S2,2023-09-01,2023-06-30,168,94,262,2023-04-01,115,10278
JAPAN,Osaka-Kobe,S1,2023-01-01,2023-12-31,233,125,358,2023-04-01,115,10275
JAPAN,Otsu,S1,2023-01-01,2023-12-31,107,103,210,2023-04-01,115,11366
JAPAN,Oyama,S1,2023-01-01,2023-12-31,73,74,147,2023-04-01,115,11367
JAPAN,Sapporo,S1,2023-01-01,2023-12-31,229,115,344,2023-04-01,115,10277
JAPAN,Sasebo,S1,2023-01-01,2023-12-31,102,95,197,2023-04-01,115,11368
JAPAN,Sendai,S1,2023-01-01,2023-12-31,243,107,350,2023-04-01,115,11369
JAPAN,Shiga,S1,2023-01-01,2023-12-31,107,103,210,2023-04-01,115,12159
JAPAN,Takamatsu,S1,2023-01-01,2023-12-31,92,73,165,2023-04-01,115,11370
JAPAN,Takayama,S1,2023-01-01,2023-12-31,123,88,211,2023-04-01,115,11373
JAPAN,Tokushima,S1,2023-01-01,2023-12-31,88,75,163,2023-04-01,115,11374
JAPAN,Tokyo City,S1,2023-01-01,2023-12-31,267,121,388,2023-04-01,"115,9",10273
JAPAN,Tokyo-To,S1,2023-01-01,2023-12-31,128,86,214,2023-04-01,"115,35",11480
JAPAN,Tottori,S1,2023-01-01,2023-12-31,84,91,175,2023-04-01,115,11483
JAPAN,Toyama,S1,2023-01-01,2023-12-31,113,87,200,2023-04-01,115,11484
JAPAN,Toyonaka,S1,2023-01-01,2023-12-31,110,121,231,2023-04-01,115,11485
JAPAN,Tsu,S1,2023-01-01,2023-12-31,114,88,202,2023-04-01,115,11486
JAPAN,Wakayama,S1,2023-01-01,2023-12-31,114,97,211,2023-04-01,115,11487
JAPAN,Yamato,S1,2023-01-01,2023-12-31,114,69,183,2023-04-01,115,11488
JAPAN,Yokohama,S1,2023-01-01,2023-12-31,222,137,359,2023-04-01,115,10281
JAPAN,Yokota,S1,2023-01-01,2023-12-31,106,72,178,2023-04-01,115,12022
JAPAN,Yufuin,S1,2023-01-01,2023-12-31,133,84,217,2023-04-01,115,12847
JORDAN,[Other],S1,2023-01-01,2023-12-31,149,128,277,2022-11-01,,11812
JORDAN,Amman,S1,2023-01-01,2023-12-31,242,102,344,2022-12-01,,10347
JORDAN,Aqaba,S1,2023-01-01,2023-12-31,149,128,277,2022-11-01,,12025
JORDAN,Dead Sea/Jordan Valley,S1,2023-01-01,2023-12-31,197,143,340,2023-01-01,,13404
JORDAN,Petra,S1,2023-01-01,2023-12-31,165,129,294,2022-11-01,,13917
KAZAKHSTAN,[Other],S1,2023-01-01,2023-12-31,138,98,236,2009-04-01,,11771
KAZAKHSTAN,Aktau,S1,2023-01-01,2023-12-31,213,93,306,2009-04-01,,19005
KAZAKHSTAN,Almaty,S1,2023-01-01,2023-12-31,217,118,335,2023-04-01,,10172
KAZAKHSTAN,Astana,S1,2023-01-01,2023-12-31,220,88,308,2023-04-01,,12712
KENYA,[Other],S1,2023-01-01,2023-12-31,147,77,224,2019-03-01,2,11840
KENYA,Lamu,S1,2023-01-01,2023-12-31,231,87,318,2020-04-01,,13387
KENYA,Malindi,S1,2023-01-01,2023-12-31,117,69,186,2020-04-01,2,13391
KENYA,Mara Area Region,S1,2023-01-01,2023-12-31,295,30,325,2020-04-01,2,13916
KENYA,Mombasa,S1,2023-01-01,2023-12-31,160,78,238,2019-03-01,2,10396
KENYA,Mt. Kenya Area,S1,2023-01-01,2023-12-31,209,106,315,2020-04-01,2,13392
KENYA,Nairobi,S1,2023-01-01,2023-12-31,250,75,325,2023-05-01,16,10395
KENYA,Nanyuki,S1,2023-01-01,2023-12-31,97,64,161,2020-04-01,2,11490
KENYA,Watamu,S1,2023-01-01,2023-12-31,249,90,339,2020-04-01,2,13503
KIRIBATI,[Other],S1,2023-01-01,2023-12-31,66,40,106,2023-04-01,,11919
KIRIBATI,Christmas Island,S1,2023-01-01,2023-12-31,76,64,140,2010-08-01,,11601
KIRIBATI,Kiribati,S1,2023-01-01,2023-12-31,87,47,134,2023-04-01,,11062
"Korea, South",[Other],S1,2023-01-01,2023-12-31,67,45,112,2023-05-01,17,12185
"Korea, South",Busan,S1,2023-01-01,2023-12-31,233,127,360,2023-05-01,17,10284
"Korea, South",Changwon,S1,2023-01-01,2023-12-31,107,61,168,2023-05-01,17,10781
"Korea, South",Cheju,S1,2023-01-01,2023-12-31,225,94,319,2023-05-01,17,11602
"Korea, South",Chinju,S1,2023-01-01,2023-12-31,77,59,136,2023-05-01,17,12133
"Korea, South",Chongju,S1,2023-01-01,2023-12-31,63,47,110,2023-05-01,17,11603
"Korea, South",Chonju,S1,2023-01-01,2023-12-31,133,64,197,2023-05-01,17,12183
"Korea, South",Chung Ju,S1,2023-01-01,2023-12-31,76,53,129,2023-05-01,17,12442
"Korea, South",Incheon,S1,2023-01-01,2023-12-31,138,83,221,2023-05-01,17,12804
"Korea, South",Kimhae,S1,2023-01-01,2023-12-31,59,60,119,2023-05-01,17,10793
"Korea, South",Kumi,S1,2023-01-01,2023-12-31,94,68,162,2023-05-01,17,13517
"Korea, South",Kwangju,S1,2023-01-01,2023-12-31,138,121,259,2023-05-01,17,10285
"Korea, South",Kyongju,S1,2023-01-01,2023-12-31,122,82,204,2023-05-01,17,11604
"Korea, South",Masan,S1,2023-01-01,2023-12-31,55,66,121,2023-05-01,17,11605
"Korea, South",Pyeongchang,S1,2023-01-01,2023-12-31,179,77,256,2023-05-01,17,19992
"Korea, South",Pyongtaek,S1,2023-01-01,2023-12-31,71,54,125,2023-05-01,17,10792
"Korea, South",Seoul,S1,2023-01-01,2023-12-31,230,125,355,2023-05-01,17,10283
"Korea, South",Sokcho,S1,2023-01-01,2023-12-31,101,76,177,2023-05-01,17,12732
"Korea, South",Taegu,S1,2023-01-01,2023-12-31,122,113,235,2023-05-01,17,10286
"Korea, South",Taejon,S1,2023-01-01,2023-12-31,104,68,172,2023-05-01,17,11606
"Korea, South",Uijongbu,S1,2023-01-01,2023-12-31,67,45,112,2023-05-01,17,10799
"Korea, South",Ulsan,S1,2023-01-01,2023-12-31,163,88,251,2023-05-01,17,11607
KOSOVO,[Other],S1,2023-01-01,2023-12-31,56,46,102,2008-07-01,,13886
KOSOVO,Pristina,S1,2023-01-01,2023-12-31,101,59,160,2023-05-01,,13885
KUWAIT,[Other],S1,2023-01-01,2023-12-31,284,126,410,2022-05-01,,11813
KUWAIT,Kuwait City,S1,2023-01-01,2023-12-31,284,126,410,2022-05-01,,10348
KYRGYZSTAN,[Other],S1,2023-01-01,2023-12-31,75,53,128,2012-04-01,,11772
KYRGYZSTAN,Bishkek,S1,2023-01-01,2023-12-31,220,88,308,2023-04-01,,10173
KYRGYZSTAN,Issyk-Kul Region,S1,2023-01-01,2023-12-31,130,62,192,2012-04-01,,13580
LAOS,[Other],S1,2023-01-01,2023-12-31,110,81,191,2012-07-01,,11796
LAOS,Luang Prabang,S1,2023-01-01,2023-12-31,184,89,273,2012-07-01,,13549
LAOS,Vientiane,S1,2023-01-01,2023-12-31,120,92,212,2022-11-01,,10288
LATVIA,[Other],S1,2023-01-01,2023-12-31,82,80,162,2017-09-01,,11773
LATVIA,Riga,S1,2023-01-01,2023-12-31,216,126,342,2023-05-01,,10174
LEBANON,[Other],S1,2023-01-01,2023-12-31,165,53,218,2023-03-01,"42,2",11864
LEBANON,Beirut,S1,2023-01-01,2023-12-31,165,53,218,2023-03-01,"42,2",10349
LESOTHO,[Other],S1,2023-01-01,2023-12-31,108,86,194,2012-07-01,,11823
LESOTHO,Maseru,S1,2023-01-01,2023-12-31,106,65,171,2023-03-01,,10374
LIBERIA,[Other],S1,2023-01-01,2023-12-31,70,46,116,2006-06-01,39,11841
LIBERIA,Monrovia,S1,2023-01-01,2023-12-31,200,119,319,2023-01-01,39,10398
LIBYA,[Other],S1,2023-01-01,2023-12-31,81,79,160,1993-09-01,2,11943
LIBYA,Benghazi,S1,2023-01-01,2023-12-31,117,79,196,1993-09-01,2,11686
LIBYA,Misurata,S1,2023-01-01,2023-12-31,117,79,196,1993-09-01,2,11687
LIBYA,Sirte,S1,2023-01-01,2023-12-31,117,79,196,1993-09-01,2,11688
LIBYA,Tripoli,S1,2023-01-01,2023-12-31,185,53,238,2023-01-01,2,11689
LIECHTENSTEIN,Liechtenstein,S1,2023-01-01,2023-12-31,267,178,445,2023-05-01,,11691
LITHUANIA,[Other],S1,2023-01-01,2023-12-31,131,86,217,2022-05-01,,11774
LITHUANIA,Palanga,S1,2023-06-01,2023-09-30,300,131,431,2023-01-01,,13941
LITHUANIA,Palanga,S2,2023-10-01,2023-05-31,260,127,387,2023-01-01,,13941
LITHUANIA,Vilnius,S1,2023-01-01,2023-12-31,221,116,337,2023-05-01,,10175
LUXEMBOURG,Luxembourg,S1,2023-01-01,2023-12-31,341,129,470,2023-05-01,,11063
MACAU,Macau,S1,2023-01-01,2023-12-31,321,120,441,2008-05-01,,11692
MADAGASCAR,[Other],S1,2023-01-01,2023-12-31,113,54,167,2009-03-01,,11865
MADAGASCAR,Antananarivo,S1,2023-01-01,2023-12-31,196,66,262,2023-03-01,,10399
MADAGASCAR,Nosy Be,S1,2023-01-01,2023-12-31,145,68,213,2009-03-01,,13402
MALAWI,[Other],S1,2023-01-01,2023-12-31,137,90,227,2022-07-01,,11842
MALAWI,Blantyre,S1,2023-01-01,2023-12-31,172,106,278,2022-07-01,,11491
MALAWI,Lilongwe,S1,2023-01-01,2023-12-31,176,97,273,2022-07-01,,10400
MALAWI,Salima,S1,2023-01-01,2023-12-31,188,103,291,2022-07-01,,12580
MALAYSIA,[Other],S1,2023-01-01,2023-12-31,94,46,140,2023-01-01,"116,23",11797
MALAYSIA,"Kota Kinabalu, Sabah",S1,2023-01-01,2023-12-31,139,91,230,2023-01-01,"116,23",11609
MALAYSIA,Kuala Lumpur,S1,2023-01-01,2023-12-31,186,77,263,2023-01-01,"116,23",10289
MALAYSIA,Kuantan,S1,2023-01-01,2023-12-31,76,51,127,2023-01-01,"116,23",12871
MALAYSIA,Langkawi,S1,2023-01-01,2023-12-31,290,79,369,2023-05-01,"116,23",15032
MALAYSIA,Melaka,S1,2023-01-01,2023-12-31,114,91,205,2023-01-01,"116,23",15008
MALAYSIA,Penang,S1,2023-01-01,2023-12-31,122,84,206,2023-01-01,"116,23",12027
MALDIVES,Maldives,S1,2023-01-01,2023-12-31,329,134,463,2022-04-01,,11694
MALDIVES,Male,S1,2023-01-01,2023-12-31,329,134,463,2022-04-01,,15047
MALI,[Other],S1,2023-01-01,2023-12-31,63,43,106,2023-02-01,2,11866
MALI,Bamako,S1,2023-01-01,2023-12-31,283,132,415,2023-02-01,2,10401
MALTA,Malta,S1,2023-01-01,2023-12-31,315,135,450,2023-05-01,,11064
MARSHALL ISLANDS,[Other],S1,2023-01-01,2023-12-31,50,33,83,2007-02-01,,11803
MARSHALL ISLANDS,Kwajalein Atoll,S1,2023-01-01,2023-12-31,130,46,176,2011-07-01,,11610
MARSHALL ISLANDS,Likiep Atoll,S1,2023-01-01,2023-12-31,76,37,113,2007-02-01,,13598
MARSHALL ISLANDS,Majuro,S1,2023-01-01,2023-12-31,152,92,244,2023-02-01,,10321
MARTINIQUE,Martinique,S1,2023-01-01,2023-12-31,170,135,305,2020-02-01,,10060
MAURITANIA,[Other],S1,2023-01-01,2023-12-31,43,35,78,2016-05-01,,11907
MAURITANIA,Kaedi,S1,2023-01-01,2023-12-31,43,33,76,2016-05-01,,13554
MAURITANIA,Nouadhibou,S1,2023-01-01,2023-12-31,73,56,129,2016-05-01,,11495
MAURITANIA,Nouakchott,S1,2023-01-01,2023-12-31,97,72,169,2021-11-01,,10402
MAURITIUS,Mauritius,S1,2023-01-01,2023-12-31,205,128,333,2023-03-01,,11065
Mayotte,Mayotte Islands,S1,2023-01-01,2023-12-31,107,66,173,2023-05-01,,19007
MEXICO,[Other],S1,2023-01-01,2023-12-31,102,65,167,2000-12-01,,11751
MEXICO,Acapulco,S1,2023-01-01,2023-12-31,283,145,428,2023-03-01,,11629
MEXICO,Campeche,S1,2023-01-01,2023-12-31,106,85,191,2014-07-01,,11632
MEXICO,Cancun,S1,2023-01-01,2023-12-31,242,119,361,2014-06-01,,11633
MEXICO,Chihuahua,S1,2023-01-01,2023-12-31,106,75,181,2018-12-01,,11634
MEXICO,Ciudad Juarez,S1,2023-01-01,2023-12-31,123,95,218,2023-03-01,,10070
MEXICO,Ciudad Victoria,S1,2023-01-01,2023-12-31,96,55,151,2004-05-01,,12029
MEXICO,Colima,S1,2023-01-01,2023-12-31,119,76,195,2013-10-01,,11638
MEXICO,Cozumel,S1,2023-01-01,2023-12-31,151,79,230,1999-09-01,,11639
MEXICO,Cuernavaca,S1,2023-01-01,2023-12-31,197,103,300,2023-05-01,,11022
MEXICO,Culiacan,S1,2023-01-01,2023-12-31,79,48,127,1999-11-01,,12233
MEXICO,Ensenada,S1,2023-01-01,2023-12-31,141,69,210,2001-06-01,,11641
MEXICO,Guadalajara,S1,2023-01-01,2023-12-31,241,123,364,2023-03-01,,10071
MEXICO,Hermosillo,S1,2023-01-01,2023-12-31,115,59,174,1999-10-01,,10085
MEXICO,Huatulco,S1,2023-01-01,2023-12-31,132,83,215,2000-12-01,,12724
MEXICO,Ixtapa Zihuatanejo,S1,2023-01-01,2023-12-31,219,118,337,2023-05-01,,11644
MEXICO,La Paz,S1,2023-01-01,2023-12-31,130,59,189,2001-06-01,,11645
MEXICO,Los Cabos (Cabo San Lucas and San Jose del Ca,S1,2023-01-01,2023-12-31,273,108,381,2012-03-01,,11631
MEXICO,Manzanillo,S1,2023-01-01,2023-12-31,145,84,229,2013-11-01,,11648
MEXICO,Matamoros,S1,2023-01-01,2023-12-31,65,70,135,2023-05-01,,10072
MEXICO,Mazatlan,S1,2023-01-01,2023-12-31,130,56,186,2002-10-01,,10080
MEXICO,Merida,S1,2023-01-01,2023-12-31,157,93,250,2020-08-01,,10073
MEXICO,Mexicali,S1,2023-01-01,2023-12-31,160,62,222,2001-06-01,,11650
MEXICO,"Mexico City, D.F.",S1,2023-01-01,2023-12-31,244,106,350,2023-05-01,,10069
MEXICO,Monterrey,S1,2023-01-01,2023-12-31,205,148,353,2023-03-01,,10075
MEXICO,Morelia,S1,2023-01-01,2023-12-31,169,98,267,2023-05-01,,11652
MEXICO,Nogales,S1,2023-01-01,2023-12-31,125,92,217,2023-05-01,,11653
MEXICO,Nuevo Laredo,S1,2023-01-01,2023-12-31,76,84,160,2011-04-01,,10077
MEXICO,"Playa del Carmen, Quintana Roo",S1,2023-01-01,2023-12-31,132,97,229,2014-06-01,,13821
MEXICO,Puebla,S1,2023-01-01,2023-12-31,197,103,300,2023-05-01,,12720
MEXICO,Puerto Penasco,S1,2023-01-01,2023-12-31,241,121,362,2016-12-01,,13436
MEXICO,Puerto Vallarta,S1,2023-01-01,2023-12-31,243,125,368,2023-03-01,,11655
MEXICO,Queretaro,S1,2023-01-01,2023-12-31,120,59,179,2017-05-01,,12030
MEXICO,San Carlos,S1,2023-01-01,2023-12-31,128,95,223,2023-05-01,,11657
MEXICO,San Luis Potosi,S1,2023-01-01,2023-12-31,154,104,258,2018-08-01,,11660
MEXICO,San Miguel de Allende,S1,2023-01-01,2023-12-31,120,59,179,2000-12-01,,11662
MEXICO,Tapachula,S1,2023-01-01,2023-12-31,94,57,151,1993-12-01,,10462
MEXICO,Tijuana,S1,2023-01-01,2023-12-31,193,104,297,2023-05-01,,10078
MEXICO,Valle del Bravo,S1,2023-01-01,2023-12-31,242,95,337,2013-02-01,,15061
MEXICO,Veracruz,S1,2023-01-01,2023-12-31,120,71,191,2000-12-01,,10079
MEXICO,Zacatecas,S1,2023-01-01,2023-12-31,134,63,197,2005-09-01,,11665
"Micronesia, Federated States of",[Other],S1,2023-01-01,2023-12-31,141,85,226,2019-01-01,,11868
"Micronesia, Federated States of",Chuuk,S1,2023-01-01,2023-12-31,141,85,226,2019-01-01,,10800
"Micronesia, Federated States of",Kosrae,S1,2023-01-01,2023-12-31,125,84,209,2019-01-01,,10801
"Micronesia, Federated States of",Pohnpei,S1,2023-01-01,2023-12-31,129,98,227,2023-02-01,,10802
"Micronesia, Federated States of",Yap,S1,2023-01-01,2023-12-31,132,85,217,2019-01-01,,10803
MOLDOVA,[Other],S1,2023-01-01,2023-12-31,154,91,245,2023-04-01,,11869
MOLDOVA,Chisinau,S1,2023-01-01,2023-12-31,154,91,245,2023-04-01,,10178
MONACO,Monaco,S1,2023-01-01,2023-12-31,406,121,527,2023-05-01,,11695
MONGOLIA,[Other],S1,2023-01-01,2023-12-31,140,66,206,2023-02-01,,11798
MONGOLIA,Ulaanbaatar,S1,2023-01-01,2023-12-31,185,85,270,2023-04-01,,10294
MONTENEGRO,[Other],S1,2023-01-01,2023-12-31,210,101,311,2023-03-01,,13600
MONTENEGRO,Podgorica,S1,2023-01-01,2023-12-31,210,101,311,2023-03-01,,13596
MONTSERRAT,Montserrat,S1,2023-05-01,2023-11-30,70,55,125,2010-08-01,,19019
MONTSERRAT,Montserrat,S2,2023-12-01,2023-04-30,105,59,164,2010-08-01,,19019
MOROCCO,[Other],S1,2023-01-01,2023-12-31,156,65,221,2023-02-01,,11896
MOROCCO,Agadir,S1,2023-01-01,2023-12-31,179,119,298,2023-02-01,,11399
MOROCCO,Casablanca,S1,2023-01-01,2023-12-31,186,83,269,2023-02-01,,10352
MOROCCO,Fes,S1,2023-01-01,2023-12-31,209,80,289,2023-02-01,,11401
MOROCCO,Marrakech,S1,2023-01-01,2023-12-31,203,102,305,2023-02-01,,11032
MOROCCO,Rabat,S1,2023-01-01,2023-12-31,207,132,339,2023-02-01,,10351
MOROCCO,Tangier,S1,2023-01-01,2023-12-31,191,102,293,2023-02-01,,10353
MOROCCO,Taroudant,S1,2023-01-01,2023-12-31,150,61,211,2023-02-01,,11405
MOZAMBIQUE,[Other],S1,2023-01-01,2023-12-31,189,114,303,2014-06-01,,11870
MOZAMBIQUE,Maputo,S1,2023-01-01,2023-12-31,220,86,306,2021-11-01,,10404
MOZAMBIQUE,Pemba,S1,2023-01-01,2023-12-31,189,114,303,2014-06-01,,19020
NAMIBIA,[Other],S1,2023-01-01,2023-12-31,75,57,132,2023-03-01,,11847
NAMIBIA,Etosha,S1,2023-01-01,2023-12-31,96,54,150,2023-03-01,,12806
NAMIBIA,Opuwo,S1,2023-01-01,2023-12-31,85,58,143,2023-03-01,,19950
NAMIBIA,Walvis Bay,S1,2023-01-01,2023-12-31,100,61,161,2023-03-01,,15052
NAMIBIA,Windhoek,S1,2023-01-01,2023-12-31,122,61,183,2023-03-01,,10405
NAURU,Nauru,S1,2023-01-01,2023-12-31,148,101,249,2012-09-01,,11696
NEPAL,[Other],S1,2023-01-01,2023-12-31,153,90,243,2018-11-01,,11814
NEPAL,Kathmandu,S1,2023-01-01,2023-12-31,204,107,311,2022-11-01,,10355
NEPAL,Pokhara,S1,2023-01-01,2023-12-31,160,113,273,2018-11-01,,11034
NETHERLANDS,[Other],S1,2023-01-01,2023-12-31,179,112,291,2023-05-01,,11776
NETHERLANDS,Amsterdam,S1,2023-01-01,2023-12-31,424,140,564,2023-05-01,,10180
NETHERLANDS,Coevorden,S1,2023-01-01,2023-12-31,152,112,264,2023-05-01,,11513
NETHERLANDS,Eindhoven,S1,2023-01-01,2023-12-31,203,107,310,2023-05-01,,13545
NETHERLANDS,Lisse,S1,2023-01-01,2023-12-31,167,121,288,2023-05-01,,11519
NETHERLANDS,Maastricht,S1,2023-01-01,2023-12-31,300,147,447,2023-05-01,,11510
NETHERLANDS,Noordwijk,S1,2023-01-01,2023-12-31,185,101,286,2023-05-01,,11520
NETHERLANDS,Papendrecht,S1,2023-01-01,2023-12-31,263,146,409,2023-05-01,7,11515
NETHERLANDS,Rotterdam,S1,2023-01-01,2023-12-31,263,146,409,2023-05-01,7,10181
NETHERLANDS,Schiphol,S1,2023-01-01,2023-12-31,453,188,641,2023-05-01,,10938
NETHERLANDS,The Hague,S1,2023-01-01,2023-12-31,320,127,447,2023-05-01,,10179
NETHERLANDS,Utrecht,S1,2023-01-01,2023-12-31,159,112,271,2023-05-01,,11521
NEW CALEDONIA,New Caledonia,S1,2023-01-01,2023-12-31,192,97,289,2008-07-01,,11697
NEW ZEALAND,[Other],S1,2023-01-01,2023-12-31,109,88,197,2023-01-01,,11871
NEW ZEALAND,Auckland,S1,2023-01-01,2023-12-31,247,126,373,2023-04-01,,10296
NEW ZEALAND,Christchurch,S1,2023-01-01,2023-12-31,164,115,279,2023-01-01,,10297
NEW ZEALAND,Dunedin,S1,2023-01-01,2023-12-31,126,106,232,2023-01-01,,12518
NEW ZEALAND,Queenstown,S1,2023-01-01,2023-12-31,271,123,394,2023-01-01,,12313
NEW ZEALAND,Rotorua,S1,2023-01-01,2023-12-31,129,108,237,2023-01-01,,12311
NEW ZEALAND,Wellington,S1,2023-01-01,2023-12-31,179,105,284,2023-01-01,,10295
NICARAGUA,[Other],S1,2023-01-01,2023-12-31,98,55,153,2011-04-01,,11872
NICARAGUA,Corn Island,S1,2023-01-01,2023-12-31,116,65,181,2011-04-01,,12695
NICARAGUA,Managua,S1,2023-01-01,2023-12-31,172,93,265,2021-11-01,,10089
NICARAGUA,San Juan del Sur,S1,2023-01-01,2023-12-31,242,70,312,2011-05-01,,12696
NIGER,[Other],S1,2023-01-01,2023-12-31,99,57,156,2011-07-01,,11844
NIGER,Niamey,S1,2023-01-01,2023-12-31,182,86,268,2023-02-01,,10406
NIGERIA,[Other],S1,2023-01-01,2023-12-31,318,131,449,2015-10-01,2,11902
NIGERIA,Abuja,S1,2023-01-01,2023-12-31,251,132,383,2022-11-01,,10741
NIGERIA,Kaduna,S1,2023-01-01,2023-12-31,265,113,378,2014-10-01,2,10743
NIGERIA,Lagos,S1,2023-01-01,2023-12-31,269,158,427,2022-11-01,,10744
NIGERIA,Port Harcourt,S1,2023-01-01,2023-12-31,318,131,449,2015-10-01,2,13508
NIUE,Niue,S1,2023-01-01,2023-12-31,168,74,242,2023-01-01,,11698
NORTH MACEDONIA,[Other],S1,2023-01-01,2023-12-31,91,84,175,2023-05-01,,11966
NORTH MACEDONIA,Ohrid,S1,2023-01-01,2023-12-31,91,84,175,2023-05-01,,19994
NORTH MACEDONIA,Skopje,S1,2023-01-01,2023-12-31,160,92,252,2023-05-01,,11964
NORWAY,[Other],S1,2023-01-01,2023-12-31,201,130,331,2023-04-01,,11897
NORWAY,Oslo,S1,2023-01-01,2023-12-31,201,130,331,2023-04-01,,10183
NORWAY,Stavanger,S1,2023-01-01,2023-12-31,234,134,368,2023-04-01,,12499
NORWAY,Tromso,S1,2023-01-01,2023-12-31,327,128,455,2023-04-01,,10189
OMAN,[Other],S1,2023-06-01,2023-09-30,211,170,381,2015-03-01,,11816
OMAN,[Other],S2,2023-10-01,2023-05-31,167,165,332,2015-03-01,,11816
OMAN,Duqm,S1,2023-01-01,2023-12-31,179,135,314,2015-03-01,,15071
OMAN,Muscat,S1,2023-01-01,2023-12-31,261,155,416,2013-10-01,,10361
OMAN,Salalah,S1,2023-06-01,2023-09-30,211,170,381,2015-03-01,,12034
OMAN,Salalah,S2,2023-10-01,2023-05-31,167,165,332,2015-03-01,,12034
OTHER FOREIGN LOCALITIES,Other Foreign Localities,S1,2023-01-01,2023-12-31,49,35,84,2022-10-01,,11074
PAKISTAN,[Other],S1,2023-01-01,2023-12-31,177,82,259,2016-06-01,"107,104,89,2",11815
PAKISTAN,Faisalabad,S1,2023-01-01,2023-12-31,163,94,257,2016-06-01,"107,104,89,2",11035
PAKISTAN,Islamabad,S1,2023-01-01,2023-12-31,130,80,210,2023-04-01,"107,104,89,41,2",10356
PAKISTAN,Karachi,S1,2023-01-01,2023-12-31,98,86,184,2021-10-01,"107,104,89,2",10359
PAKISTAN,Lahore,S1,2023-01-01,2023-12-31,227,61,288,2023-05-01,"107,104,89,2",10357
PAKISTAN,Peshawar,S1,2023-01-01,2023-12-31,145,74,219,2023-04-01,"107,89,104,2",10358
PAKISTAN,Quetta,S1,2023-01-01,2023-12-31,177,82,259,2016-06-01,"107,104,89,2",11037
PALAU,[Other],S1,2023-01-01,2023-12-31,245,132,377,2023-01-01,,11905
PALAU,Koror,S1,2023-01-01,2023-12-31,245,132,377,2023-01-01,,10805
PANAMA,[Other],S1,2023-01-01,2023-12-31,84,58,142,2012-12-01,,11753
PANAMA,Colon,S1,2023-01-01,2023-12-31,114,87,201,2015-01-01,,11026
PANAMA,"David, Chiriqui",S1,2023-01-01,2023-12-31,114,81,195,2012-11-01,,12337
PANAMA,Panama City,S1,2023-01-01,2023-12-31,173,99,272,2015-01-01,,11076
PAPUA NEW GUINEA,[Other],S1,2023-01-01,2023-12-31,161,65,226,2023-04-01,,11799
PAPUA NEW GUINEA,Port Moresby,S1,2023-01-01,2023-12-31,266,85,351,2023-04-01,,10300
PARAGUAY,[Other],S1,2023-01-01,2023-12-31,62,60,122,2013-08-01,,11873
PARAGUAY,Asuncion,S1,2023-01-01,2023-12-31,175,90,265,2023-04-01,,10091
PARAGUAY,Ciudad del Este,S1,2023-01-01,2023-12-31,133,85,218,2013-08-01,,11670
PARAGUAY,Pegro Juan,S1,2023-01-01,2023-12-31,45,76,121,2013-08-01,,12038
PERU,[Other],S1,2023-01-01,2023-12-31,127,87,214,2022-08-01,2,11754
PERU,Cusco,S1,2023-01-01,2023-12-31,230,108,338,2022-08-01,,11673
PERU,Lima,S1,2023-01-01,2023-12-31,250,95,345,2022-08-01,,10092
PERU,Paracas,S1,2023-01-01,2023-12-31,220,103,323,2022-08-01,,12292
PHILIPPINES,[Other],S1,2023-01-01,2023-12-31,122,70,192,2023-05-01,2,11875
PHILIPPINES,Baguio City,S1,2023-01-01,2023-12-31,133,85,218,2023-05-01,,11612
PHILIPPINES,Cebu,S1,2023-01-01,2023-12-31,112,79,191,2023-01-01,,10302
PHILIPPINES,Clark AFB,S1,2023-01-01,2023-12-31,137,95,232,2023-05-01,,91161
PHILIPPINES,Davao City,S1,2023-01-01,2023-12-31,88,74,162,2023-01-01,2,11613
PHILIPPINES,Mactan,S1,2023-01-01,2023-12-31,140,84,224,2023-01-01,,20008
PHILIPPINES,Manila,S1,2023-01-01,2023-12-31,206,94,300,2023-02-01,34,10301
POLAND,[Other],S1,2023-01-01,2023-12-31,92,66,158,2023-05-01,29,11777
POLAND,Bydgoszcz,S1,2023-01-01,2023-12-31,98,71,169,2023-05-01,29,12357
POLAND,Gdansk,S1,2023-01-01,2023-12-31,122,77,199,2023-05-01,"29,31",11736
POLAND,Katowice,S1,2023-01-01,2023-12-31,124,92,216,2020-09-01,29,12360
POLAND,Kielce,S1,2023-01-01,2023-12-31,89,66,155,2023-05-01,29,13701
POLAND,Krakow,S1,2023-01-01,2023-12-31,205,100,305,2020-09-01,29,10192
POLAND,Lodz,S1,2023-01-01,2023-12-31,87,70,157,2023-05-01,29,12359
POLAND,Poznan,S1,2023-01-01,2023-12-31,94,80,174,2023-05-01,29,10191
POLAND,Rzeszow,S1,2023-01-01,2023-12-31,94,95,189,2023-05-01,29,13546
POLAND,Warsaw,S1,2023-01-01,2023-12-31,160,83,243,2023-05-01,29,10190
POLAND,Wroclaw,S1,2023-01-01,2023-12-31,125,83,208,2023-05-01,29,12249
POLAND,Zakopane,S1,2023-01-01,2023-12-31,114,86,200,2018-04-01,29,12513
PORTUGAL,[Other],S1,2023-01-01,2023-12-31,95,63,158,2023-05-01,,11909
PORTUGAL,Cascais,S1,2023-01-01,2023-12-31,102,92,194,2023-05-01,,12145
PORTUGAL,Estoril,S1,2023-01-01,2023-12-31,102,92,194,2023-05-01,,12146
PORTUGAL,Faial Island,S1,2023-04-01,2023-10-31,102,68,170,2023-05-01,,13018
PORTUGAL,Faial Island,S2,2023-11-01,2023-03-31,94,68,162,2023-05-01,,13018
PORTUGAL,Lisbon,S1,2023-01-01,2023-12-31,261,104,365,2023-05-01,,10185
PORTUGAL,Madeira Islands,S1,2023-01-01,2023-12-31,107,59,166,2023-05-01,,12958
PORTUGAL,Oeiras,S1,2023-01-01,2023-12-31,102,92,194,2023-05-01,,12147
PORTUGAL,Oporto,S1,2023-01-01,2023-12-31,226,120,346,2023-05-01,,10186
PORTUGAL,Ponta Delgada,S1,2023-04-01,2023-10-31,174,59,233,2023-05-01,,13020
PORTUGAL,Ponta Delgada,S2,2023-11-01,2023-03-31,136,55,191,2023-05-01,,13020
PORTUGAL,Sao Miguel Island,S1,2023-01-01,2023-12-31,257,89,346,2023-05-01,,13019
QATAR,[Other],S1,2023-01-01,2023-12-31,227,158,385,2018-11-01,,11817
QATAR,Doha,S1,2023-01-01,2023-12-31,227,158,385,2018-11-01,,10362
REPUBLIC OF THE CONGO,[Other],S1,2023-01-01,2023-12-31,272,113,385,2023-05-01,,11830
REPUBLIC OF THE CONGO,Brazzaville,S1,2023-01-01,2023-12-31,272,113,385,2023-05-01,,10385
REUNION,Reunion,S1,2023-01-01,2023-12-31,145,76,221,2007-04-01,,11729
ROMANIA,[Other],S1,2023-01-01,2023-12-31,124,82,206,2018-04-01,71,11876
ROMANIA,Bucharest,S1,2023-01-01,2023-12-31,161,89,250,2023-05-01,71,10194
ROMANIA,Constanta-Mihail Kogalniceanu AB,S1,2023-04-16,2023-09-14,155,88,243,2019-08-01,71,13652
ROMANIA,Constanta-Mihail Kogalniceanu AB,S2,2023-09-15,2023-04-15,89,82,171,2019-08-01,71,13652
RUSSIA,[Other],S1,2023-01-01,2023-12-31,173,112,285,2022-02-01,,11778
RUSSIA,Moscow,S1,2023-01-01,2023-12-31,350,154,504,2023-05-01,33,10196
RUSSIA,Saint Petersburg,S1,2023-01-01,2023-12-31,352,134,486,2022-02-01,,10197
RUSSIA,Sochi,S1,2023-01-01,2023-12-31,305,202,507,2014-11-01,,19957
RUSSIA,Yuzhno-Sakhalinsk,S1,2023-01-01,2023-12-31,250,120,370,2006-08-01,,12564
RWANDA,[Other],S1,2023-01-01,2023-12-31,112,65,177,2023-03-01,,11845
RWANDA,Akagera,S1,2023-01-01,2023-12-31,173,71,244,2023-03-01,,19002
RWANDA,Gisenyi,S1,2023-01-01,2023-12-31,112,65,177,2023-03-01,,13473
RWANDA,Kigali,S1,2023-01-01,2023-12-31,203,89,292,2023-03-01,,10407
RWANDA,Ruhengeri,S1,2023-01-01,2023-12-31,165,52,217,2023-03-01,,13474
SAINT HELENA,Saint Helena,S1,2023-01-01,2023-12-31,39,14,53,2023-01-01,,11066
SAINT KITTS AND NEVIS,Saint Kitts and Nevis,S1,2023-01-01,2023-12-31,259,138,397,2023-04-01,,11700
SAINT VINCENT AND THE GRENADINES,Saint Vincent and the Grenadines,S1,2023-01-01,2023-12-31,220,110,330,2023-04-01,,11703
Samoa,Samoa,S1,2023-01-01,2023-12-31,186,114,300,2012-06-01,,11071
SAN MARINO,San Marino,S1,2023-01-01,2023-12-31,112,95,207,2023-05-01,,11704
SAO TOME AND PRINCIPE,Principe,S1,2023-01-01,2023-12-31,258,47,305,2009-01-01,,13520
SAO TOME AND PRINCIPE,Sao Tome,S1,2023-01-01,2023-12-31,162,100,262,2023-05-01,,13522
SAUDI ARABIA,[Other],S1,2023-01-01,2023-12-31,347,163,510,2015-01-01,11,11818
SAUDI ARABIA,Dhahran Area,S1,2023-01-01,2023-12-31,304,134,438,2023-03-01,11,10364
SAUDI ARABIA,Eskan,S1,2023-01-01,2023-12-31,80,43,123,2014-11-01,11,19986
SAUDI ARABIA,Jeddah,S1,2023-01-01,2023-12-31,347,163,510,2015-01-01,11,10365
SAUDI ARABIA,Medina,S1,2023-06-01,2023-09-30,169,93,262,2005-03-01,11,13407
SAUDI ARABIA,Medina,S2,2023-10-01,2023-05-31,100,86,186,2005-03-01,11,13407
SAUDI ARABIA,Riyadh,S1,2023-01-01,2023-12-31,416,142,558,2022-01-01,11,10363
SAUDI ARABIA,Taif,S1,2023-06-01,2023-09-30,133,89,222,2005-03-01,11,11046
SAUDI ARABIA,Taif,S2,2023-10-01,2023-05-31,111,87,198,2005-03-01,11,11046
SENEGAL,[Other],S1,2023-01-01,2023-12-31,91,103,194,2023-02-01,,11877
SENEGAL,Dakar,S1,2023-01-01,2023-12-31,204,134,338,2023-02-01,,10408
SENEGAL,Mbour,S1,2023-01-01,2023-12-31,91,80,171,2023-02-01,,19009
SERBIA,[Other],S1,2023-01-01,2023-12-31,98,62,160,2019-11-01,,11921
SERBIA,Belgrade,S1,2023-01-01,2023-12-31,194,94,288,2023-05-01,,11047
SERBIA,Kopaonik,S1,2023-01-01,2023-12-31,152,68,220,2015-04-01,,20003
SEYCHELLES,Seychelles,S1,2023-01-01,2023-12-31,303,130,433,2019-12-01,,11068
SIERRA LEONE,[Other],S1,2023-01-01,2023-12-31,130,43,173,2023-05-01,,11846
SIERRA LEONE,Freetown,S1,2023-01-01,2023-12-31,180,66,246,2023-05-01,,10409
SINGAPORE,Singapore,S1,2023-01-01,2023-12-31,293,136,429,2023-02-01,,10309
Sint Maarten,Sint Maarten,S1,2023-01-01,2023-12-31,263,153,416,2023-03-01,,11667
Slovakia,[Other],S1,2023-01-01,2023-12-31,133,83,216,2023-05-01,,11941
Slovakia,Bratislava,S1,2023-01-01,2023-12-31,196,115,311,2023-05-01,,11540
Slovakia,Liptovsky Mikulas,S1,2023-01-01,2023-12-31,122,94,216,2023-05-01,,91135
Slovakia,Zilina,S1,2023-01-01,2023-12-31,143,88,231,2023-05-01,,13647
SLOVENIA,[Other],S1,2023-01-01,2023-12-31,160,103,263,2023-05-01,,11942
SLOVENIA,Ljubljana,S1,2023-01-01,2023-12-31,160,103,263,2023-05-01,,11541
SLOVENIA,Portoroz,S1,2023-01-01,2023-12-31,207,86,293,2005-04-01,,13413
SOLOMON ISLANDS,[Other],S1,2023-01-01,2023-12-31,270,90,360,2023-01-01,,91177
SOLOMON ISLANDS,Honiara,S1,2023-01-01,2023-12-31,270,90,360,2023-01-01,,11069
SOMALIA,[Other],S1,2023-01-01,2023-12-31,112,57,169,2007-11-01,"22,2",11889
SOMALIA,Mogadishu,S1,2023-01-01,2023-12-31,0,66,66,2018-04-01,"22,2",10410
SOUTH AFRICA,[Other],S1,2023-01-01,2023-12-31,97,54,151,2023-03-01,,11848
SOUTH AFRICA,Bloemfontein,S1,2023-01-01,2023-12-31,93,70,163,2023-03-01,,13003
SOUTH AFRICA,Cape Town,S1,2023-01-01,2023-12-31,211,85,296,2023-03-01,,10412
SOUTH AFRICA,Durban,S1,2023-01-01,2023-12-31,137,64,201,2023-03-01,,10413
SOUTH AFRICA,Johannesburg,S1,2023-01-01,2023-12-31,192,83,275,2023-03-01,,10414
SOUTH AFRICA,Pretoria,S1,2023-01-01,2023-12-31,187,81,268,2023-03-01,,10411
SOUTH AFRICA,Stellenbosch,S1,2023-01-01,2023-12-31,139,73,212,2023-03-01,,13393
SOUTH AFRICA,Sun City,S1,2023-01-01,2023-12-31,105,50,155,2023-03-01,,12784
SOUTH SUDAN,[Other],S1,2023-01-01,2023-12-31,275,90,365,2021-11-01,2,15046
SOUTH SUDAN,Juba,S1,2023-01-01,2023-12-31,275,90,365,2021-11-01,2,13453
SPAIN,[Other],S1,2023-01-01,2023-12-31,143,93,236,2023-05-01,,11779
SPAIN,Almeria,S1,2023-01-01,2023-12-31,157,102,259,2023-05-01,,13396
SPAIN,Balearic Islands,S1,2023-01-01,2023-12-31,184,114,298,2023-05-01,,13157
SPAIN,Barcelona,S1,2023-01-01,2023-12-31,258,105,363,2023-05-01,,10202
SPAIN,Bilbao,S1,2023-01-01,2023-12-31,195,123,318,2023-05-01,,10203
SPAIN,Fuengirola,S1,2023-01-01,2023-12-31,148,84,232,2023-05-01,,11523
SPAIN,La Coruna,S1,2023-01-01,2023-12-31,141,86,227,2023-05-01,,11526
SPAIN,Las Palmas de Gran Canaria,S1,2023-01-01,2023-12-31,179,89,268,2023-05-01,,12914
SPAIN,Madrid,S1,2023-01-01,2023-12-31,275,133,408,2023-02-01,,10201
SPAIN,Malaga,S1,2023-01-01,2023-12-31,204,104,308,2023-05-01,,11529
SPAIN,Marbella,S1,2023-01-01,2023-12-31,140,93,233,2023-05-01,,11530
SPAIN,Oviedo,S1,2023-01-01,2023-12-31,115,86,201,2023-05-01,,11531
SPAIN,San Sebastian,S1,2023-01-01,2023-12-31,132,83,215,2023-05-01,,11533
SPAIN,Santa Cruz de Tenerife,S1,2023-01-01,2023-12-31,121,85,206,2023-05-01,,12913
SPAIN,Santander,S1,2023-01-01,2023-12-31,161,83,244,2023-05-01,,11534
SPAIN,Santiago de Compostela,S1,2023-01-01,2023-12-31,161,93,254,2023-05-01,,11535
SPAIN,Seville,S1,2023-01-01,2023-12-31,219,98,317,2023-05-01,,10204
SPAIN,Valencia,S1,2023-01-01,2023-12-31,282,112,394,2023-05-01,,11538
SPAIN,Vigo,S1,2023-01-01,2023-12-31,134,85,219,2023-05-01,,12915
SPAIN,Zaragoza,S1,2023-01-01,2023-12-31,234,145,379,2008-04-01,,10959
SRI LANKA,[Other],S1,2023-01-01,2023-12-31,107,45,152,2011-10-01,,11808
SRI LANKA,Ahungalla,S1,2023-01-01,2023-12-31,110,58,168,2000-07-01,,12464
SRI LANKA,Bentota,S1,2023-01-01,2023-12-31,104,42,146,2000-07-01,,12467
SRI LANKA,Chilaw,S1,2023-01-01,2023-12-31,98,53,151,2011-08-01,,15042
SRI LANKA,Colombo,S1,2023-01-01,2023-12-31,233,67,300,2023-05-01,,10332
SRI LANKA,Galle,S1,2023-01-01,2023-12-31,145,71,216,2011-05-01,,12470
SRI LANKA,Kandy,S1,2023-01-01,2023-12-31,177,69,246,2011-10-01,,11041
SRI LANKA,Trincomalee,S1,2023-01-01,2023-12-31,155,76,231,2011-04-01,,19022
ST LUCIA,Saint Lucia,S1,2023-01-01,2023-12-31,331,157,488,2023-03-01,,11701
SUDAN,[Other],S1,2023-01-01,2023-12-31,210,85,295,2017-12-01,2,11879
SUDAN,Khartoum,S1,2023-01-01,2023-12-31,297,140,437,2023-02-01,,10418
SURINAME,[Other],S1,2023-01-01,2023-12-31,149,111,260,2016-03-01,,11880
SURINAME,Paramaribo,S1,2023-01-01,2023-12-31,149,111,260,2016-03-01,,10096
SWEDEN,[Other],S1,2023-01-01,2023-12-31,241,108,349,2023-01-01,,11780
SWEDEN,Stockholm,S1,2023-01-01,2023-12-31,241,108,349,2023-01-01,,10206
SWITZERLAND,[Other],S1,2023-01-01,2023-12-31,250,167,417,2023-05-01,,11781
SWITZERLAND,Bad Ragaz,S1,2023-01-01,2023-12-31,442,169,611,2023-05-01,,20009
SWITZERLAND,Basel,S1,2023-01-01,2023-12-31,256,181,437,2023-05-01,,12483
SWITZERLAND,Bern,S1,2023-01-01,2023-12-31,310,171,481,2023-05-01,,10208
SWITZERLAND,Davos,S1,2023-01-01,2023-12-31,365,198,563,2023-05-01,,12690
SWITZERLAND,Geneva,S1,2023-01-01,2023-12-31,325,166,491,2023-02-01,,10210
SWITZERLAND,Klosters,S1,2023-01-01,2023-12-31,300,188,488,2023-05-01,,12738
SWITZERLAND,Lugano,S1,2023-01-01,2023-12-31,277,181,458,2023-05-01,,12739
SWITZERLAND,Montreux,S1,2023-01-01,2023-12-31,367,161,528,2023-05-01,,12482
SWITZERLAND,Zurich,S1,2023-01-01,2023-12-31,390,210,600,2023-05-01,,10209
SYRIA,[Other],S1,2023-01-01,2023-12-31,189,20,209,2023-03-01,"103,2",11881
SYRIA,Damascus,S1,2023-01-01,2023-12-31,189,20,209,2023-03-01,"103,2",10366
TAIWAN,[Other],S1,2023-01-01,2023-12-31,131,114,245,2023-03-01,,11906
TAIWAN,Kaohsiung,S1,2023-01-01,2023-12-31,131,133,264,2023-03-01,,10313
TAIWAN,Taichung,S1,2023-01-01,2023-12-31,110,75,185,2022-10-01,,11619
TAIWAN,Taipei,S1,2023-01-01,2023-12-31,198,113,311,2023-03-01,,10311
TAJIKISTAN,[Other],S1,2023-01-01,2023-12-31,100,55,155,2011-02-01,,11782
TAJIKISTAN,Dushanbe,S1,2023-01-01,2023-12-31,229,82,311,2023-04-01,,10211
TAJIKISTAN,Khorog,S1,2023-01-01,2023-12-31,176,80,256,2011-02-01,,19013
TAJIKISTAN,Kulob,S1,2023-01-01,2023-12-31,100,55,155,2011-02-01,,19018
TANZANIA,[Other],S1,2023-01-01,2023-12-31,110,47,157,2014-06-01,21,11851
TANZANIA,Arusha,S1,2023-01-01,2023-12-31,172,107,279,2022-12-01,21,12158
TANZANIA,Dar Es Salaam,S1,2023-01-01,2023-12-31,207,111,318,2022-12-01,21,10420
TANZANIA,Dodoma,S1,2023-01-01,2023-12-31,95,68,163,2022-12-01,,91162
TANZANIA,Morogoro,S1,2023-01-01,2023-12-31,137,60,197,2014-06-01,21,15068
TANZANIA,Zanzibar,S1,2023-01-01,2023-12-31,195,135,330,2022-12-01,21,13482
THAILAND,[Other],S1,2023-01-01,2023-12-31,82,58,140,2019-03-01,,11882
THAILAND,Bangkok,S1,2023-01-01,2023-12-31,161,80,241,2023-03-01,62,10238
THAILAND,Cha Am,S1,2023-01-01,2023-12-31,162,73,235,2019-03-01,,19993
THAILAND,Chiang Mai,S1,2023-01-01,2023-12-31,127,79,206,2023-03-01,,10239
THAILAND,Chiang Rai,S1,2023-01-01,2023-12-31,105,80,185,2019-03-01,,13177
THAILAND,Hat Yai,S1,2023-01-01,2023-12-31,105,80,185,2019-03-01,,13178
THAILAND,Hua Hin,S1,2023-01-01,2023-12-31,162,73,235,2019-03-01,,11621
THAILAND,Khao Lak,S1,2023-01-01,2023-12-31,207,107,314,2019-03-01,,13844
THAILAND,Krabi,S1,2023-01-01,2023-12-31,207,90,297,2023-03-01,,13845
THAILAND,Nong Khai,S1,2023-01-01,2023-12-31,82,58,140,2019-03-01,,11622
THAILAND,Pattaya City,S1,2023-01-01,2023-12-31,123,84,207,2019-05-01,,11623
THAILAND,Phuket,S1,2023-01-01,2023-12-31,207,91,298,2019-03-01,,11626
THAILAND,Samui Island,S1,2023-01-01,2023-12-31,183,94,277,2018-05-01,,11625
TIMOR-LESTE,[Other],S1,2023-01-01,2023-12-31,70,70,140,2018-12-01,,13977
TIMOR-LESTE,Dili,S1,2023-01-01,2023-12-31,184,100,284,2018-10-01,,13976
TOGO,[Other],S1,2023-01-01,2023-12-31,60,57,117,2023-02-01,,11852
TOGO,Lama Kara,S1,2023-01-01,2023-12-31,90,65,155,2023-02-01,,12352
TOGO,Lome,S1,2023-01-01,2023-12-31,174,85,259,2023-02-01,,10422
Tokelau,Tokelau Islands,S1,2023-01-01,2023-12-31,20,18,38,1993-09-01,,11705
TONGA,[Other],S1,2023-01-01,2023-12-31,126,72,198,2023-04-01,,11883
TONGA,Nukualofa,S1,2023-01-01,2023-12-31,126,72,198,2023-04-01,,10812
TRINIDAD AND TOBAGO,[Other],S1,2023-01-01,2023-12-31,236,193,429,2022-09-01,,11884
TRINIDAD AND TOBAGO,Port of Spain,S1,2023-01-01,2023-12-31,236,193,429,2022-09-01,,11077
TRINIDAD AND TOBAGO,Tobago,S1,2023-01-01,2023-12-31,220,109,329,2017-04-01,,11674
TUNISIA,[Other],S1,2023-01-01,2023-12-31,52,83,135,2023-02-01,2,11819
TUNISIA,Hammamet,S1,2023-05-15,2023-09-10,130,102,232,2023-02-01,2,11590
TUNISIA,Hammamet,S2,2023-09-11,2023-05-14,64,96,160,2023-02-01,2,11590
TUNISIA,Jerba,S1,2023-01-01,2023-12-31,59,74,133,2023-02-01,2,11591
TUNISIA,Tabarka,S1,2023-01-01,2023-09-30,153,100,253,2023-02-01,2,12309
TUNISIA,Tabarka,S2,2023-10-01,2023-12-31,138,99,237,2023-02-01,2,12309
TUNISIA,Tamerza,S1,2023-01-01,2023-12-31,52,57,109,2023-02-01,2,13933
TUNISIA,Tozeur,S1,2023-01-01,2023-12-31,57,59,116,2023-02-01,2,11598
TUNISIA,Tunis,S1,2023-01-01,2023-12-31,117,111,228,2023-02-01,"68,2",10367
TURKEY,[Other],S1,2023-01-01,2023-12-31,120,82,202,2004-08-01,2,11783
TURKEY,Adana-Incirlik,S1,2023-01-01,2023-12-31,163,97,260,2023-03-01,2,10215
TURKEY,Ankara,S1,2023-01-01,2023-12-31,162,62,224,2022-07-01,2,10212
TURKEY,Antalya,S1,2023-01-01,2023-12-31,189,94,283,2004-08-01,2,11547
TURKEY,Bursa,S1,2023-01-01,2023-12-31,158,102,260,2004-08-01,2,12399
TURKEY,Gaziantep,S1,2023-01-01,2023-12-31,130,48,178,2022-07-01,2,19985
TURKEY,Istanbul,S1,2023-01-01,2023-12-31,324,150,474,2022-08-01,2,10213
TURKEY,Izmir-Cigli,S1,2023-01-01,2023-12-31,246,48,294,2022-07-01,2,11545
TURKMENISTAN,[Other],S1,2023-01-01,2023-12-31,100,65,165,2023-04-01,,11784
TURKMENISTAN,Ashgabat,S1,2023-01-01,2023-12-31,115,110,225,2019-06-01,,10217
TURKS AND CAICOS ISLANDS,Turks and Caicos Islands,S1,2023-01-01,2023-04-15,304,165,469,2015-03-01,,12562
TURKS AND CAICOS ISLANDS,Turks and Caicos Islands,S2,2023-04-16,2023-12-31,231,157,388,2015-03-01,,12562
TUVALU,Tuvalu,S1,2023-01-01,2023-12-31,112,82,194,2010-08-01,,11070
UGANDA,[Other],S1,2023-01-01,2023-12-31,69,43,112,2019-03-01,18,11853
UGANDA,Entebbe,S1,2023-01-01,2023-12-31,172,73,245,2019-03-01,18,12232
UGANDA,Fort Portal,S1,2023-01-01,2023-12-31,113,63,176,2014-02-01,18,15002
UGANDA,Gulu,S1,2023-01-01,2023-12-31,69,43,112,2019-03-01,18,15000
UGANDA,Jinja,S1,2023-01-01,2023-12-31,120,62,182,2019-03-01,18,13912
UGANDA,Kampala,S1,2023-01-01,2023-12-31,250,70,320,2022-07-01,18,10423
UGANDA,Mbale,S1,2023-01-01,2023-12-31,71,75,146,2014-01-01,18,15003
UGANDA,Mbarara,S1,2023-01-01,2023-12-31,100,59,159,2019-03-01,18,15004
UKRAINE,[Other],S1,2023-01-01,2023-12-31,140,97,237,2008-05-01,,11785
UKRAINE,Kharkiv,S1,2023-01-01,2023-12-31,152,95,247,2008-05-01,,12625
UKRAINE,Kyiv,S1,2023-01-01,2023-12-31,243,95,338,2022-02-01,,10218
UNITED ARAB EMIRATES,[Other],S1,2023-01-01,2023-12-31,268,138,406,2021-07-01,,11885
UNITED ARAB EMIRATES,Abu Dhabi,S1,2023-01-01,2023-12-31,268,138,406,2021-07-01,,10368
UNITED ARAB EMIRATES,Dubai,S1,2023-01-01,2023-12-31,383,173,556,2023-03-01,,10369
UNITED KINGDOM,[Other],S1,2023-01-01,2023-12-31,207,123,330,2017-08-01,,11886
UNITED KINGDOM,Belfast,S1,2023-01-01,2023-12-31,188,99,287,2023-01-01,,10220
UNITED KINGDOM,Birmingham,S1,2023-01-01,2023-12-31,157,68,225,2023-01-01,,10221
UNITED KINGDOM,Bristol,S1,2023-01-01,2023-12-31,187,88,275,2023-01-01,,10969
UNITED KINGDOM,Cambridge,S1,2023-01-01,2023-12-31,249,129,378,2023-01-01,67,10499
UNITED KINGDOM,"Cardiff, Wales",S1,2023-01-01,2023-12-31,163,80,243,2023-01-01,,12420
UNITED KINGDOM,Caversham,S1,2023-01-01,2023-12-31,213,118,331,2023-01-01,,10504
UNITED KINGDOM,Cheltenham,S1,2023-01-01,2023-12-31,144,97,241,2023-01-01,,10506
UNITED KINGDOM,Crawley,S1,2023-01-01,2023-12-31,353,173,526,2023-02-01,13,11576
UNITED KINGDOM,Edinburgh,S1,2023-07-01,2023-08-31,608,153,761,2023-01-01,,10222
UNITED KINGDOM,Edinburgh,S2,2023-09-01,2023-06-30,251,117,368,2023-01-01,,10222
UNITED KINGDOM,Fairford,S1,2023-01-01,2023-12-31,162,84,246,2023-01-01,,10976
UNITED KINGDOM,Gatwick,S1,2023-01-01,2023-12-31,165,117,282,2023-01-01,,11550
UNITED KINGDOM,Glasgow,S1,2023-01-01,2023-12-31,157,84,241,2023-01-01,,10223
UNITED KINGDOM,Harrogate,S1,2023-01-01,2023-12-31,109,95,204,2023-01-01,,11553
UNITED KINGDOM,High Wycombe,S1,2023-01-01,2023-12-31,146,88,234,2023-01-01,,11555
UNITED KINGDOM,Horley,S1,2023-01-01,2023-12-31,165,117,282,2023-01-01,,11580
UNITED KINGDOM,Liverpool,S1,2023-01-01,2023-12-31,209,122,331,2023-01-01,,12422
UNITED KINGDOM,London,S1,2023-01-01,2023-12-31,353,173,526,2023-02-01,13,10219
UNITED KINGDOM,Loudwater,S1,2023-01-01,2023-12-31,137,95,232,2023-01-01,,12124
UNITED KINGDOM,Manchester,S1,2023-01-01,2023-12-31,227,121,348,2023-01-01,14,11582
UNITED KINGDOM,Menwith Hill,S1,2023-01-01,2023-12-31,109,95,204,2023-01-01,,11554
UNITED KINGDOM,Oxford,S1,2023-01-01,2023-12-31,249,145,394,2023-01-01,,12421
UNITED KINGDOM,Reading,S1,2023-01-01,2023-12-31,213,118,331,2023-01-01,,11557
URUGUAY,[Other],S1,2023-01-01,2023-12-31,155,126,281,2023-01-01,,11755
URUGUAY,Colonia,S1,2023-01-01,2023-12-31,190,132,322,2023-05-01,,13384
URUGUAY,Montevideo,S1,2023-01-01,2023-12-31,155,126,281,2023-01-01,,10098
URUGUAY,Punta del Este,S1,2023-04-21,2023-12-14,240,160,400,2023-05-01,,11676
URUGUAY,Punta del Este,S2,2023-12-15,2023-04-20,303,167,470,2023-05-01,,11676
UZBEKISTAN,[Other],S1,2023-01-01,2023-12-31,106,73,179,2023-04-01,,11786
UZBEKISTAN,Tashkent,S1,2023-01-01,2023-12-31,158,121,279,2023-04-01,,10227
VANUATU,[Other],S1,2023-01-01,2023-12-31,20,13,33,1993-09-01,,11959
VANUATU,Port Vila,S1,2023-01-01,2023-12-31,176,119,295,2017-05-01,,11707
VANUATU,Santos,S1,2023-01-01,2023-12-31,190,103,293,2017-05-01,,11708
VANUATU,Tanna Island,S1,2023-01-01,2023-12-31,267,111,378,2017-05-01,,11709
VENEZUELA,[Other],S1,2023-01-01,2023-12-31,278,206,484,2014-10-01,1,11887
VENEZUELA,Barquisimeto,S1,2023-01-01,2023-12-31,263,299,562,2014-10-01,1,13430
VENEZUELA,Caracas,S1,2023-01-01,2023-12-31,314,261,575,2014-10-01,1,10099
VENEZUELA,Maracaibo,S1,2023-01-01,2023-12-31,276,287,563,2014-10-01,1,10100
VENEZUELA,Porlamar,S1,2023-01-01,2023-12-31,266,281,547,2014-10-01,1,13428
VENEZUELA,Puerto La Cruz,S1,2023-01-01,2023-12-31,278,206,484,2014-10-01,1,13433
VENEZUELA,Puerto Ordaz,S1,2023-01-01,2023-12-31,285,214,499,2014-10-01,1,13426
VENEZUELA,Punto Fijo,S1,2023-01-01,2023-12-31,241,231,472,2014-10-01,1,13435
VENEZUELA,San Cristobal,S1,2023-01-01,2023-12-31,278,268,546,2014-10-01,1,13434
VENEZUELA,Valencia,S1,2023-01-01,2023-12-31,249,256,505,2014-10-01,1,13429
VIETNAM,[Other],S1,2023-01-01,2023-12-31,151,98,249,2019-03-01,,11802
VIETNAM,Dalat,S1,2023-01-01,2023-12-31,155,107,262,2023-03-01,,12729
VIETNAM,Danang,S1,2023-01-01,2023-12-31,174,110,284,2023-05-01,,12730
VIETNAM,Hanoi,S1,2023-01-01,2023-12-31,243,119,362,2023-03-01,,10314
VIETNAM,Ho Chi Minh City,S1,2023-01-01,2023-12-31,222,101,323,2021-07-01,,12631
"VIRGIN ISLANDS, BRITISH","Virgin Islands, British",S1,2023-04-15,2023-12-14,138,100,238,2010-08-01,,19017
"VIRGIN ISLANDS, BRITISH","Virgin Islands, British",S2,2023-12-15,2023-04-14,192,105,297,2010-08-01,,19017
WALLIS AND FUTUNA,Wallis and Futuna,S1,2023-01-01,2023-12-31,73,64,137,1993-10-01,,11710
YEMEN,[Other],S1,2023-01-01,2023-12-31,108,65,173,2007-03-01,2,11820
YEMEN,Aden,S1,2023-01-01,2023-12-31,164,58,222,1996-09-01,2,11600
YEMEN,Sanaa,S1,2023-01-01,2023-12-31,360,95,455,2023-05-01,2,10370
ZAMBIA,[Other],S1,2023-01-01,2023-12-31,95,80,175,2011-03-01,,11890
ZAMBIA,Chipata,S1,2023-01-01,2023-12-31,110,92,202,2023-01-01,,91164
ZAMBIA,Kitwe,S1,2023-01-01,2023-12-31,139,122,261,2023-01-01,,11503
ZAMBIA,Livingstone,S1,2023-01-01,2023-12-31,236,103,339,2011-03-01,,11504
ZAMBIA,Lusaka,S1,2023-01-01,2023-12-31,220,135,355,2023-01-01,,10430
ZAMBIA,Mfuwe,S1,2023-01-01,2023-12-31,119,101,220,2023-01-01,,13117
ZAMBIA,Ndola,S1,2023-01-01,2023-12-31,139,114,253,2023-01-01,,11505
ZAMBIA,Solwezi,S1,2023-01-01,2023-12-31,110,72,182,2023-01-01,,91163
ZIMBABWE,[Other],S1,2023-01-01,2023-12-31,130,73,203,2023-01-01,,11849
ZIMBABWE,Bulawayo,S1,2023-01-01,2023-12-31,195,75,270,2023-01-01,,12074
ZIMBABWE,Harare,S1,2023-01-01,2023-12-31,192,103,295,2023-01-01,,10417
ZIMBABWE,Victoria Falls,S1,2023-01-01,2023-12-31,199,95,294,2023-01-01,,11507